Workbook

Sheet data_extraction
A1: Serial | B1: Paper Title | C1: Year | D1: Domain 1: Bias due to confounding (Baseline fairness & experimental control) | I1: Domain 1 Overall Risk | J1: Domain 1 Risk | K1: Domain 1 Justification | L1: Domain 2: Bias in selection of datasets/workloads | Q1: Domain 2 Overall Risk | R1: Domain 2 Risk | S1: Domain 2 Justification | T1: Domain 3: Bias in implementation of methods | Y1: Domain 3 Overall Risk | Z1: Domain 3 Risk | AA1: Domain 3 Justification | AB1: Domain 4: Bias in experimental execution | AG1: Domain 4 Overall Risk | AH1: Domain 4 Risk | AI1: Domain 4 Justification | AJ1: Domain 5: Bias due to incomplete reporting | AO1: Domain 5 Overall Risk | AP1: Domain 5 Risk | AQ1: Domain 5 Justification | AR1: Domain 6: Bias in performance measurement | AW1: Domain 6 Overall Risk Score | AX1: Domain 6 Risk Assessment | AY1: Domain 6 Justification | AZ1: Domain 7: Bias in selective reporting | BE1: Domain 7 Overall Risk | BF1: Domain 7 Risk | BG1: Domain 7 Justification | BH1: Overall Risk Score | BI1: Overall Risk Assessment | BJ1: Exclude from Review?
D2: D1Q1: Were baseline methods clearly described and fairly implemented? | E2: D1Q2: Were experiments conducted on same hardware with controlled resources? | F2: D1Q3: Were confounding factors adequately controlled or reported? | G2: D1Q4: Were dataset characteristics adequately described? | H2: D1Q5: Were hyperparameters optimized fairly across all methods? | L2: D2Q1: Were dataset selection criteria clearly described? | M2: D2Q2: Do datasets cover diverse distributions? | N2: D2Q3: Were diverse string characteristics tested? | O2: D2Q4: Were both synthetic and real-world datasets included? | P2: D2Q5: Were datasets selected without evidence of cherry-picking? | T2: D3Q1: Is the learned index implementation clearly described? | U2: D3Q2: Is source code publicly available or reproducible? | V2: D3Q3: Are baseline implementations from reputable sources? | W2: D3Q4: Were model architectures and training procedures described? | X2: D3Q5: Does implementation match intended design? | AB2: D4Q1: Do reported experiments match methodology described? | AC2: D4Q2: Are insert/update/delete patterns clearly specified? | AD2: D4Q3: Are concurrency levels and thread interactions described? | AE2: D4Q4: Are failure scenarios realistic and recovery tested? | AF2: D4Q5: Were workload parameters clearly specified? | AJ2: D5Q1: Are all relevant metrics reported? | AK2: D5Q2: Are negative results or failure cases discussed? | AL2: D5Q3: Are limitations clearly acknowledged? | AM2: D5Q4: Are results reported for all tested configurations? | AN2: D5Q5: Are outliers or unexpected behaviors explained? | AR2: D6Q1: Are performance measurement methodologies clearly described? | AS2: D6Q2: Were multiple runs performed to account for variability? | AT2: D6Q3: Are confidence intervals or error bars reported? | AU2: D6Q4: Were warm-up periods used to eliminate cold-start effects? | AV2: D6Q5: Are measurement overheads accounted for? | AZ2: D7Q1: Are results reported for all datasets mentioned? | BA2: D7Q2: Are both favorable and unfavorable comparisons shown? | BB2: D7Q3: Were results reported without evidence of p-hacking or selective reporting? | BC2: D7Q4: Are reproducibility materials publicly available? | BD2: D7Q5: Were all promised experiments reported?
A3: 1 | B3: Learned Indexes with Distribution Smoothing via Virtual Points. | C3: 2025 | D3: 2 | E3: 2 | F3: 1 | G3: 2 | H3: 1 | I3: =SUM(D3:H3) -> 8 | J3: =IF(I3>=8,"Low",IF(I3>=4,"Moderate",IF(I3>=0,"Serious","Critical"))) -> Low | K3: The study demonstrates a high degree of experimental control by utilizing a standardized hardware environment and a recognized evaluation framework. Fairness is maintained by selecting widely recognized SOTA baselines and providing a transparent description of the datasets' difficulty and distributions. | L3: 2 | M3: 2 | N3: 0 | O3: 2 | P3: 2 | Q3: =SUM(L3:P3) -> 8 | R3: =IF(Q3>=8,"Low",IF(Q3>=4,"Moderate",IF(Q3>=0,"Serious","Critical"))) -> Low | S3: The research utilizes a comprehensive suite of real-world and synthetic datasets that represent varying levels of learning difficulty. The authors' transparency regarding the exclusion of certain benchmarks reinforces the validity of their methodology by defining the specific scenarios where the proposed CSV technique is most relevant. | T3: 2 | U3: 1 | V3: 2 | W3: 2 | X3: 2 | Y3: =SUM(T3:X3) -> 9 | Z3: =IF(Y3>=8,"Low",IF(Y3>=4,"Moderate",IF(Y3>=0,"Serious","Critical"))) -> Low | AA3: The paper includes a complexity analysis that aligns with the experimental results regarding pre-processing time and scalability. Additionally, it uses a cost model to ensure that structural modifications (like node merging) align with the design goal of balancing traversal and search time. | AB3: 2 | AC3: 2 | AD3: 1 | AE3: 0 | AF3: 2 | AG3: =SUM(AB3:AF3) -> 7 | AH3: =IF(AG3>=8,"Low",IF(AG3>=4,"Moderate",IF(AG3>=0,"Serious","Critical"))) -> Moderate | AI3: Workload parameters are explicitly detailed, including the use of 200 million keys per dataset, varying smoothing thresholds (α) from 0.05 to 0.8, and specific batch sizes for insertions. The distinction between "easy" and "hard" datasets provides clear context for interpreting different access patterns. | AJ3: 2 | AK3: 2 | AL3: 2 | AM3: 2 | AN3: 2 | AO3: =SUM(AJ3:AN3) -> 10 | AP3: =IF(AO3>=8,"Low",IF(AO3>=4,"Moderate",IF(AO3>=0,"Serious","Critical"))) -> Low | AQ3: The authors explain fluctuations in ALEX results as a byproduct of its runtime cost model. They also provide a clear explanation for performance drops in the OSM dataset during insertions, linking them to specific structural properties of the original index. | AR3: 1 | AS3: 2 | AT3: 0 | AU3: 0 | AV3: 0 | AW3: =sum(AR3:AV3) -> 3 | AX3: =IF(AW3>=8,"Low",IF(AW3>=4,"Moderate",IF(AW3>=0,"Serious","Critical"))) -> Serious | AY3: While the experimental setup is documented and utilizes 25 repeated runs per query to ensure stable averages, the sources lack critical statistical details such as variance, error bars, or confidence intervals. Additionally, there is no explicit mention of warm-up phases or the mitigation of measurement overhead within the provided technical excerpts. | AZ3: 1 | BA3: 2 | BB3: 2 | BC3: 1 | BD3: 2 | BE3: =sum(AZ3:BD3) -> 8 | BF3: =IF(BE3>=8,"Low",IF(BE3>=4,"Moderate",IF(BE3>=0,"Serious","Critical"))) -> Low | BG3: The study avoids "cherry-picking" by reporting that the CSV method primarily benefits "promoted data" while leaving average performance for random data largely unchanged compared to the original indexes. Although certain datasets were omitted for ALEX because they were too simple for the smoothing technique to be relevant, the overall results follow a consistent and logically explained framework. | BH3: =SUM(I3,Q3,Y3,AG3,AO3,AW3,BE3) -> 53 | BI3: =IF(BH3>=56,"Low",IF(BH3>=35,"Moderate",IF(BH3>=14,"Serious","Critical"))) -> Moderate | BJ3: FALSE
A4: 2 | B4: Kanva: A Lock-free Learned Search Data Structure | C4: 2024 | D4: 2 | E4: 2 | F4: 2 | G4: 2 | H4: 1 | I4: =SUM(D4:H4) -> 9 | J4: =IF(I4>=8,"Low",IF(I4>=4,"Moderate",IF(I4>=0,"Serious","Critical"))) -> Low | K4: The study maintains a high level of experimental control by using a standardized hardware platform and a modern compiler environment for all compared methods. By including a "warm-up" period and accounting for memory reclamation overhead, the authors ensure that the comparisons are grounded in realistic system behaviors. | L4: 2 | M4: 2 | N4: 0 | O4: 2 | P4: 2 | Q4: =SUM(L4:P4) -> 8 | R4: =IF(Q4>=8,"Low",IF(Q4>=4,"Moderate",IF(Q4>=0,"Serious","Critical"))) -> Low | S4: The paper utilizes a robust suite of datasets that reflects both theoretical distributions and practical, real-world data patterns. The inclusion of skewed Zipfian distributions and varied hotspot ratios demonstrates a commitment to testing the data structure under challenging, high-contention conditions. | T4: 2 | U4: 2 | V4: 2 | W4: 2 | X4: 2 | Y4: =SUM(T4:X4) -> 10 | Z4: =IF(Y4>=8,"Low",IF(Y4>=4,"Moderate",IF(Y4>=0,"Serious","Critical"))) -> Low | AA4: The implementation of Kanva is thoroughly documented through both architectural diagrams and pseudocode for all core operations. By providing a public GitHub repository and detailed evaluations of different internal fitting schemes, the authors ensure the methodology is transparent and reproducible. | AB4: 2 | AC4: 2 | AD4: 2 | AE4: 0 | AF4: 2 | AG4: =SUM(AB4:AF4) -> 8 | AH4: =IF(AG4>=8,"Low",IF(AG4>=4,"Moderate",IF(AG4>=0,"Serious","Critical"))) -> Low | AI4: Experimental execution follows a rigorous protocol using standardized benchmarks and a high-performance multi-core hardware environment. The use of various thread counts and clearly defined read/write ratios provides a comprehensive view of how the data structure handles high-contention scenarios. | AJ4: 2 | AK4: 2 | AL4: 2 | AM4: 2 | AN4: 2 | AO4: =SUM(AJ4:AN4) -> 10 | AP4: =IF(AO4>=8,"Low",IF(AO4>=4,"Moderate",IF(AO4>=0,"Serious","Critical"))) -> Low | AQ4: The researchers provide a transparent evaluation that includes peak memory usage and build times alongside standard throughput metrics. They do not shy away from reporting adverse results, such as performance degradation under high skew, and provide detailed technical reasons for these behaviors. | AR4: 1 | AS4: 1 | AT4: -1 | AU4: 2 | AV4: 1 | AW4: =sum(AR4:AV4) -> 4 | AX4: =IF(AW4>=8,"Low",IF(AW4>=4,"Moderate",IF(AW4>=0,"Serious","Critical"))) -> Moderate | AY4: The study follows good practices by utilizing a warm-up phase to eliminate cold-start bias and provides a very detailed description of the hardware platform. However, the omission of error bars in the charts and specific iteration counts makes it harder to assess the precise statistical variance of the results. | AZ4: 2 | BA4: 2 | BB4: 2 | BC4: 2 | BD4: 2 | BE4: =sum(AZ4:BD4) -> 10 | BF4: =IF(BE4>=8,"Low",IF(BE4>=4,"Moderate",IF(BE4>=0,"Serious","Critical"))) -> Low | BG4: The paper exhibits high transparency by providing the source code and using standard, publicly available benchmarks for all evaluations. The reporting is balanced, showing both the strengths of the lock-free learned approach and the scenarios where traditional synchronization methods remain competitive. | BH4: =SUM(I4,Q4,Y4,AG4,AO4,AW4,BE4) -> 59 | BI4: =IF(BH4>=56,"Low",IF(BH4>=35,"Moderate",IF(BH4>=14,"Serious","Critical"))) -> Low | BJ4: FALSE
A5: 3 | B5: TONE: cutting tail-latency in learned indexes | D5: 2 | E5: 2 | F5: 0 | G5: 2 | H5: 2 | I5: =SUM(D5:H5) -> 8 | J5: =IF(I5>=8,"Low",IF(I5>=4,"Moderate",IF(I5>=0,"Serious","Critical"))) -> Low | K5: The study maintains strong experimental control by utilizing a consistent hardware environment and applying standard industry configurations to the baseline indexes. However, it lacks detailed reporting on low-level system controls like cache management or specific compiler optimizations. | L5: 2 | M5: 2 | N5: 0 | O5: 1 | P5: 2 | Q5: =SUM(L5:P5) -> 7 | R5: =IF(Q5>=8,"Low",IF(Q5>=4,"Moderate",IF(Q5>=0,"Serious","Critical"))) -> Moderate | S5: The research effectively uses a mix of standardized and trace-inspired synthetic workloads to stress-test the index. By reporting results even in scenarios where the proposed method does not offer a significant advantage over existing learned indexes, the authors minimize selection bias. | T5: 2 | U5: 2 | V5: 2 | W5: 2 | X5: 2 | Y5: =SUM(T5:X5) -> 10 | Z5: =IF(Y5>=8,"Low",IF(Y5>=4,"Moderate",IF(Y5>=0,"Serious","Critical"))) -> Low | AA5: The implementation reporting is transparent and highly reproducible, supported by both pseudocode and an open-source repository. The use of official repositories for all baseline comparisons further ensures that the performance gains reported are due to architectural improvements rather than implementation disparities. | AB5: 2 | AC5: 2 | AD5: 2 | AE5: 0 | AF5: 2 | AG5: =SUM(AB5:AF5) -> 8 | AH5: =IF(AG5>=8,"Low",IF(AG5>=4,"Moderate",IF(AG5>=0,"Serious","Critical"))) -> Low | AI5: The study follows a highly structured execution plan, utilizing industry-standard benchmarks alongside custom traces modeled after real-world production data. Concurrency is well-documented through a sharding approach, and all operational parameters are transparently reported. | AJ5: 1 | AK5: 2 | AL5: 2 | AM5: 2 | AN5: 2 | AO5: =SUM(AJ5:AN5) -> 9 | AP5: =IF(AO5>=8,"Low",IF(AO5>=4,"Moderate",IF(AO5>=0,"Serious","Critical"))) -> Low | AQ5: The reporting is transparent and includes honest assessments of where the system does not outperform its predecessors. By explaining the technical reasons behind performance fluctuations in both their system and the baselines, the authors provide a balanced view of the results. | AR5: 1 | AS5: 2 | AT5: 1 | AU5: 0 | AV5: 0 | AW5: =sum(AR5:AV5) -> 4 | AX5: =IF(AW5>=8,"Low",IF(AW5>=4,"Moderate",IF(AW5>=0,"Serious","Critical"))) -> Moderate | AY5: The measurement process is sound in its use of multiple experimental runs and high-percentile latency reporting. However, the lack of detail regarding cache warming and measurement overhead leaves some minor uncertainty regarding low-level performance precision. | AZ5: 2 | BA5: 2 | BB5: 2 | BC5: 2 | BD5: 2 | BE5: =sum(AZ5:BD5) -> 10 | BF5: =IF(BE5>=8,"Low",IF(BE5>=4,"Moderate",IF(BE5>=0,"Serious","Critical"))) -> Low | BG5: The paper demonstrates high integrity in its reporting by including a full suite of standard benchmarks and providing public access to the source code. The inclusion of results where TONE does not provide a benefit over existing methods further reinforces the objectivity of the study. | BH5: =SUM(I5,Q5,Y5,AG5,AO5,AW5,BE5) -> 56 | BI5: =IF(BH5>=56,"Low",IF(BH5>=35,"Moderate",IF(BH5>=14,"Serious","Critical"))) -> Low | BJ5: FALSE
A6: 4 | B6: Limousine: Blending learned and classical indexes to self-design larger-than-memory cloud storage engines | C6: 2024 | D6: 2 | E6: 2 | F6: 1 | G6: 2 | H6: 2 | I6: =SUM(D6:H6) -> 9 | J6: =IF(I6>=8,"Low",IF(I6>=4,"Moderate",IF(I6>=0,"Serious","Critical"))) -> Low | K6: The authors maintain high experimental rigour by using a wide array of both classical and learned baselines and providing transparent hardware and cloud VM specifications. Confounding factors like memory residency are explicitly modeled to ensure the accuracy of performance estimations. | L6: 2 | M6: 2 | N6: 0 | O6: 2 | P6: 2 | Q6: =SUM(L6:P6) -> 8 | R6: =IF(Q6>=8,"Low",IF(Q6>=4,"Moderate",IF(Q6>=0,"Serious","Critical"))) -> Low | S6: The research utilizes a comprehensive suite of datasets and workloads that represent both theoretical distributions and real-world applications. By testing across all standard YCSB variants, the authors ensure the system is evaluated against diverse and challenging operational requirements. | T6: 2 | U6: 1 | V6: 2 | W6: 2 | X6: 2 | Y6: =SUM(T6:X6) -> 9 | Z6: =IF(Y6>=8,"Low",IF(Y6>=4,"Moderate",IF(Y6>=0,"Serious","Critical"))) -> Low | AA6: The implementation is described with exceptional technical depth, moving from abstract design principles to specific Rust-based code generation techniques. The use of established industrial baselines and a rigorous multi-step validation process ensures that the system's performance is measured against fair and representative targets. | AB6: 2 | AC6: 2 | AD6: 2 | AE6: 0 | AF6: 2 | AG6: =SUM(AB6:AF6) -> 8 | AH6: =IF(AG6>=8,"Low",IF(AG6>=4,"Moderate",IF(AG6>=0,"Serious","Critical"))) -> Low | AI6: The experimental execution is highly transparent, utilizing standardized benchmarks (YCSB) and detailed cloud environment specifications. While the paper excels in performance and concurrency modeling, the provided excerpts lack specific details on crash-consistency testing, though the fundamental mechanism for disk persistence is noted. | AJ6: 2 | AK6: 2 | AL6: 2 | AM6: 2 | AN6: 2 | AO6: =SUM(AJ6:AN6) -> 10 | AP6: =IF(AO6>=8,"Low",IF(AO6>=4,"Moderate",IF(AO6>=0,"Serious","Critical"))) -> Low | AQ6: The paper provides a transparent and holistic reporting of performance, openly discussing the inherent weaknesses of learned structures and the limitations of their own search algorithms. By explaining variances in cloud-based measurements, the authors ensure the results are contextualized rather than presented as perfect. | AR6: 1 | AS6: 2 | AT6: 2 | AU6: 0 | AV6: 1 | AW6: =sum(AR6:AV6) -> 6 | AX6: =IF(AW6>=8,"Low",IF(AW6>=4,"Moderate",IF(AW6>=0,"Serious","Critical"))) -> Moderate | AY6: The use of error bars and large-scale query counts (30M) demonstrates a commitment to statistical reliability. While some low-level details like warm-up periods are missing from the text, the overall measurement framework is robust and accounts for the inherent variability of cloud environments. | AZ6: 2 | BA6: 2 | BB6: 2 | BC6: 1 | BD6: 2 | BE6: =sum(AZ6:BD6) -> 9 | BF6: =IF(BE6>=8,"Low",IF(BE6>=4,"Moderate",IF(BE6>=0,"Serious","Critical"))) -> Low | BG6: The paper adheres strictly to its stated methodology, reporting results across a diverse and standardized set of benchmarks and datasets. The inclusion of "unfavorable" data points—such as model accuracy drops or performance convergence with baselines—reinforces the objectivity of the reporting. | BH6: =SUM(I6,Q6,Y6,AG6,AO6,AW6,BE6) -> 59 | BI6: =IF(BH6>=56,"Low",IF(BH6>=35,"Moderate",IF(BH6>=14,"Serious","Critical"))) -> Low | BJ6: FALSE
A7: 5 | B7: Updatable learned index with precise positions | D7: 2 | E7: 2 | F7: 1 | G7: 2 | H7: 2 | I7: =SUM(D7:H7) -> 9 | J7: =IF(I7>=8,"Low",IF(I7>=4,"Moderate",IF(I7>=0,"Serious","Critical"))) -> Low | K7: The researchers provide a transparent experimental setup with detailed hardware and compiler specifications. They ensure a fair baseline comparison by using standard implementations and conducting a comprehensive parameter analysis to justify their chosen configurations. | L7: 2 | M7: 2 | N7: 0 | O7: 2 | P7: 2 | Q7: =SUM(L7:P7) -> 8 | R7: =IF(Q7>=8,"Low",IF(Q7>=4,"Moderate",IF(Q7>=0,"Serious","Critical"))) -> Low | S7: LIPP is evaluated against a robust variety of datasets that include both real-world and synthetic distributions. The inclusion of diverse workloads with varying read/write ratios ensures that the performance gains reported are not limited to specific, favorable conditions. | T7: 2 | U7: 2 | V7: 2 | W7: 2 | X7: 2 | Y7: =SUM(T7:X7) -> 10 | Z7: =IF(Y7>=8,"Low",IF(Y7>=4,"Moderate",IF(Y7>=0,"Serious","Critical"))) -> Low | AA7: The implementation of LIPP is meticulously documented with pseudocode and algorithmic proofs, ensuring that the precise-position mechanism is understandable and reproducible. The availability of source code and the use of optimized, reputable baselines further minimize the risk of implementation bias. | AB7: 2 | AC7: 2 | AD7: 0 | AE7: 0 | AF7: 2 | AG7: =SUM(AB7:AF7) -> 6 | AH7: =IF(AG7>=8,"Low",IF(AG7>=4,"Moderate",IF(AG7>=0,"Serious","Critical"))) -> Moderate | AI7: The experimental execution follows a rigorous methodology that aligns perfectly with the reported results across diverse datasets and dynamic workloads. While concurrency and crash consistency are not evaluated, this is consistent with the paper's stated scope of being a single-threaded in-memory index evaluation. | AJ7: 2 | AK7: 2 | AL7: 1 | AM7: 2 | AN7: 2 | AO7: =SUM(AJ7:AN7) -> 9 | AP7: =IF(AO7>=8,"Low",IF(AO7>=4,"Moderate",IF(AO7>=0,"Serious","Critical"))) -> Low | AQ7: The paper is highly transparent, providing a multi-dimensional performance analysis that includes throughput, memory, and latency metrics. It explicitly discusses scenarios where the proposed method faces challenges, such as highly non-uniform data distributions. | AR7: 1 | AS7: 2 | AT7: 2 | AU7: 0 | AV7: 0 | AW7: =sum(AR7:AV7) -> 5 | AX7: =IF(AW7>=8,"Low",IF(AW7>=4,"Moderate",IF(AW7>=0,"Serious","Critical"))) -> Moderate | AY7: The researchers followed good practice by performing multiple experimental runs and reporting variance through standard deviation and 99th percentile metrics. However, details regarding warm-up periods and measurement overhead quantification are missing from the provided text. | AZ7: 2 | BA7: 2 | BB7: 2 | BC7: 2 | BD7: 2 | BE7: =sum(AZ7:BD7) -> 10 | BF7: =IF(BE7>=8,"Low",IF(BE7>=4,"Moderate",IF(BE7>=0,"Serious","Critical"))) -> Low | BG7: The paper adheres to high standards of scientific reporting by making artifacts publicly available for reproducibility. It presents a balanced view by showing that performance gains vary significantly depending on the dataset's uniformity and the specific operation being performed. | BH7: =SUM(I7,Q7,Y7,AG7,AO7,AW7,BE7) -> 57 | BI7: =IF(BH7>=56,"Low",IF(BH7>=35,"Moderate",IF(BH7>=14,"Serious","Critical"))) -> Low | BJ7: FALSE
A8: 6 | B8: HL-LSM: A LSM-Tree Combined with Read Hotness and Learned Index | C8: 2024 | D8: 2 | E8: 2 | F8: 1 | G8: 2 | H8: 1 | I8: =SUM(D8:H8) -> 8 | J8: =IF(I8>=8,"Low",IF(I8>=4,"Moderate",IF(I8>=0,"Serious","Critical"))) -> Low | K8: The research provides a transparent baseline and specific hardware environment details, ensuring a fair physical setup for the experiments. It effectively describes the data types and workload volumes, though it lacks deep detail on the specific tuning of legacy baseline configurations. | L8: 1 | M8: 1 | N8: 0 | O8: 0 | P8: 2 | Q8: =SUM(L8:P8) -> 4 | R8: =IF(Q8>=8,"Low",IF(Q8>=4,"Moderate",IF(Q8>=0,"Serious","Critical"))) -> Moderate | S8: The researchers demonstrate a transparent evaluation by showing the system's limitations in low-read scenarios. While the workloads cover essential patterns (hot vs. random), the assessment is limited by the exclusive use of synthetic data and a lack of real-world traces. | T8: 2 | U8: 0 | V8: 2 | W8: 2 | X8: 2 | Y8: =SUM(T8:X8) -> 8 | Z8: =IF(Y8>=8,"Low",IF(Y8>=4,"Moderate",IF(Y8>=0,"Serious","Critical"))) -> Low | AA8: The algorithmic description and architectural logic are highly detailed, providing a clear map of how the prefix search and interpolation points function. The use of reputable baselines strengthens the implementation's credibility, though the lack of public source code limits immediate reproducibility. | AB8: 2 | AC8: 1 | AD8: 1 | AE8: 0 | AF8: 2 | AG8: =SUM(AB8:AF8) -> 6 | AH8: =IF(AG8>=8,"Low",IF(AG8>=4,"Moderate",IF(AG8>=0,"Serious","Critical"))) -> Moderate | AI8: The experimental execution closely follows the architectural design, particularly in how it validates the background construction of indexes and the distribution of hot keys. While specific details on write patterns and general thread counts are thin, the core workload parameters are well-defined. | AJ8: 1 | AK8: 2 | AL8: 2 | AM8: 2 | AN8: 2 | AO8: =SUM(AJ8:AN8) -> 9 | AP8: =IF(AO8>=8,"Low",IF(AO8>=4,"Moderate",IF(AO8>=0,"Serious","Critical"))) -> Low | AQ8: The reporting is highly transparent, notably including instances where the proposed system performs worse than the baselines. The primary missing element is a quantitative measurement of the memory overhead for the learned index. | AR8: 1 | AS8: 0 | AT8: -1 | AU8: 0 | AV8: 1 | AW8: =sum(AR8:AV8) -> 1 | AX8: =IF(AW8>=8,"Low",IF(AW8>=4,"Moderate",IF(AW8>=0,"Serious","Critical"))) -> Serious | AY8: While the results demonstrate clear trends, the paper lacks statistical rigor. The absence of error bars and details regarding multiple experimental trials makes it difficult to assess the stability of the reported performance gains. | AZ8: 2 | BA8: 2 | BB8: 2 | BC8: 0 | BD8: 2 | BE8: =sum(AZ8:BD8) -> 8 | BF8: =IF(BE8>=8,"Low",IF(BE8>=4,"Moderate",IF(BE8>=0,"Serious","Critical"))) -> Low | BG8: The authors demonstrate a high level of integrity by presenting a balanced view of the system’s performance, including its weaknesses. However, the lack of accessible source code remains a barrier to full independent verification. | BH8: =SUM(I8,Q8,Y8,AG8,AO8,AW8,BE8) -> 44 | BI8: =IF(BH8>=56,"Low",IF(BH8>=35,"Moderate",IF(BH8>=14,"Serious","Critical"))) -> Moderate | BJ8: FALSE
A9: 7 | B9: From LeanStore to LearnedStore: Using a Learned Index to Improve Database Index Search | C9: 2023 (Specifically December 2023) | D9: 2 | E9: 2 | F9: 2 | G9: 2 | H9: 1 | I9: =SUM(D9:H9) -> 9 | J9: =IF(I9>=8,"Low",IF(I9>=4,"Moderate",IF(I9>=0,"Serious","Critical"))) -> Low | K9: The paper demonstrates high experimental rigor by using a high-performance baseline and controlling for hardware-level confounding factors like NUMA effects. The documentation of dataset characteristics is comprehensive, though more detail on baseline hyperparameter tuning would be beneficial. | L9: 2 | M9: 2 | N9: 0 | O9: 2 | P9: 2 | Q9: =SUM(L9:P9) -> 8 | R9: =IF(Q9>=8,"Low",IF(Q9>=4,"Moderate",IF(Q9>=0,"Serious","Critical"))) -> Low | S9: The paper utilizes a robust and diverse set of workloads that successfully challenge the index across different storage tiers (RAM vs. SSD). The inclusion of standard benchmarks like SOSD and YCSB adds further credibility to the selection process. | T9: 2 | U9: 0 | V9: 2 | W9: 2 | X9: 2 | Y9: =SUM(T9:X9) -> 8 | Z9: =IF(Y9>=8,"Low",IF(Y9>=4,"Moderate",IF(Y9>=0,"Serious","Critical"))) -> Low | AA9: The methodology is mathematically and architecturally sound, with a clear explanation of how the learned model integrates with the existing B+-tree structure. While the description is highly reproducible in theory, the lack of a public code repository is a notable gap in evidence for this domain. | AB9: 2 | AC9: 2 | AD9: 1 | AE9: 0 | AF9: 2 | AG9: =SUM(AB9:AF9) -> 7 | AH9: =IF(AG9>=8,"Low",IF(AG9>=4,"Moderate",IF(AG9>=0,"Serious","Critical"))) -> Moderate | AI9: The experimental execution is highly consistent with the described hybrid architecture and covers a diverse range of operational mixes (read vs. write). However, the paper lacks depth regarding the internal concurrency management of the learned index models and does not address crash consistency. | AJ9: 2 | AK9: 2 | AL9: 2 | AM9: 2 | AN9: 2 | AO9: =SUM(AJ9:AN9) -> 10 | AP9: =IF(AO9>=8,"Low",IF(AO9>=4,"Moderate",IF(AO9>=0,"Serious","Critical"))) -> Low | AQ9: Reporting is comprehensive and remarkably transparent regarding the weaknesses of learned indexes. The inclusion of tail latency and startup time metrics provides a more complete picture of system performance than throughput alone. | AR9: 1 | AS9: 1 | AT9: -1 | AU9: 2 | AV9: 1 | AW9: =sum(AR9:AV9) -> 4 | AX9: =IF(AW9>=8,"Low",IF(AW9>=4,"Moderate",IF(AW9>=0,"Serious","Critical"))) -> Moderate | AY9: The study is strong in its handling of system states (warm vs. cold), which is often a major source of bias in database research. The primary weakness is the lack of statistical variance reporting (error bars) on the throughput aggregates. | AZ9: 2 | BA9: 2 | BB9: 2 | BC9: 1 | BD9: 2 | BE9: =sum(AZ9:BD9) -> 9 | BF9: =IF(BE9>=8,"Low",IF(BE9>=4,"Moderate",IF(BE9>=0,"Serious","Critical"))) -> Low | BG9: The paper maintains high integrity by showing a wide range of results, including cases where the proposed system is less effective. The reliance on established benchmarks like SOSD further bolsters the reliability of the reported results. | BH9: =SUM(I9,Q9,Y9,AG9,AO9,AW9,BE9) -> 55 | BI9: =IF(BH9>=56,"Low",IF(BH9>=35,"Moderate",IF(BH9>=14,"Serious","Critical"))) -> Moderate | BJ9: FALSE
A10: 8 | B10: Learned index for non-key queries | D10: 1 | E10: 2 | F10: 0 | G10: 2 | H10: 0 | I10: =SUM(D10:H10) -> 5 | J10: =IF(I10>=8,"Low",IF(I10>=4,"Moderate",IF(I10>=0,"Serious","Critical"))) -> Moderate | K10: The paper provides excellent transparency regarding hardware specifications and dataset variety, ensuring the environmental context is clear. However, there is a lack of detail regarding environmental controls like cache management and the specific optimization rigor applied to the baseline reimplementations. | L10: 1 | M10: 2 | N10: 0 | O10: 2 | P10: 2 | Q10: =SUM(L10:P10) -> 7 | R10: =IF(Q10>=8,"Low",IF(Q10>=4,"Moderate",IF(Q10>=0,"Serious","Critical"))) -> Moderate | S10: The researchers utilized a robust mix of synthetic and real-world data to validate their claims across various mathematical distributions. The inclusion of varying non-key proportions ensures the performance claims are tested against diverse query workloads rather than just ideal scenarios. | T10: 2 | U10: 0 | V10: 1 | W10: 2 | X10: 2 | Y10: =SUM(T10:X10) -> 7 | Z10: =IF(Y10>=8,"Low",IF(Y10>=4,"Moderate",IF(Y10>=0,"Serious","Critical"))) -> Moderate | AA10: The implementation is documented thoroughly through pseudocode and structural definitions, allowing for a clear understanding of the HBFdex logic. However, the reliance on internal reimplementations for baselines and the lack of a public code link prevents a higher score for reproducibility. | AB10: 2 | AC10: 2 | AD10: 0 | AE10: 0 | AF10: 2 | AG10: =SUM(AB10:AF10) -> 6 | AH10: =IF(AG10>=8,"Low",IF(AG10>=4,"Moderate",IF(AG10>=0,"Serious","Critical"))) -> Moderate | AI10: The experimental execution aligns perfectly with the described algorithms and includes detailed workload ratios for dynamic operations. While concurrency and failure recovery are not addressed, they are outside the stated scope of the single-threaded performance evaluation. | AJ10: 2 | AK10: 2 | AL10: 2 | AM10: 2 | AN10: 2 | AO10: =SUM(AJ10:AN10) -> 10 | AP10: =IF(AO10>=8,"Low",IF(AO10>=4,"Moderate",IF(AO10>=0,"Serious","Critical"))) -> Low | AQ10: The reporting is highly transparent, covering a wide array of performance dimensions. Crucially, the authors do not hide the index's limitations regarding positive-only query workloads or the inherent complexities of deleting data from Bloom filters. | AR10: 0 | AS10: 0 | AT10: -1 | AU10: 0 | AV10: 0 | AW10: =sum(AR10:AV10) -> -1 | AX10: =IF(AW10>=8,"Low",IF(AW10>=4,"Moderate",IF(AW10>=0,"Serious","Critical"))) -> Critical | AY10: While the high-level environment is documented, the paper lacks the technical depth required to assess the precision of its measurements. The absence of error bars and the lack of clarity on experimental repetitions or warm-up procedures represent a moderate risk of measurement bias. | AZ10: 2 | BA10: 2 | BB10: 2 | BC10: 1 | BD10: 2 | BE10: =sum(AZ10:BD10) -> 9 | BF10: =IF(BE10>=8,"Low",IF(BE10>=4,"Moderate",IF(BE10>=0,"Serious","Critical"))) -> Low | BG10: The paper demonstrates strong integrity in reporting, showing a balanced view of performance across various scales and distributions. While the underlying datasets are accessible to the public, the lack of released source code limits full independent reproducibility. | BH10: =SUM(I10,Q10,Y10,AG10,AO10,AW10,BE10) -> 43 | BI10: =IF(BH10>=56,"Low",IF(BH10>=35,"Moderate",IF(BH10>=14,"Serious","Critical"))) -> Moderate | BJ10: FALSE
A11: 9 | B11: {HiDPU}: A {DPU-Oriented} Hybrid Indexing Scheme for Disaggregated Storage Systems | D11: 2 | E11: 2 | F11: 1 | G11: 2 | H11: 2 | I11: =SUM(D11:H11) -> 9 | J11: =IF(I11>=8,"Low",IF(I11>=4,"Moderate",IF(I11>=0,"Serious","Critical"))) -> Low | K11: The researchers maintained high experimental control by using identical hardware for all tests and clearly defining the architectural differences between HiDPU and its baselines. By providing a sensitivity analysis and detailed dataset characteristics, they demonstrate a commitment to fair performance evaluation across different workloads. | L11: 2 | M11: 2 | N11: 0 | O11: 2 | P11: 2 | Q11: =SUM(L11:P11) -> 8 | R11: =IF(Q11>=8,"Low",IF(Q11>=4,"Moderate",IF(Q11>=0,"Serious","Critical"))) -> Low | S11: The researchers utilized a broad spectrum of standardized traces and benchmarks that represent various data center scenarios. Their inclusion of workloads that specifically challenge their proposed Pilot Cache (such as random OLTP patterns) suggests a balanced and non-biased selection of experimental data. | T11: 2 | U11: 2 | V11: 2 | W11: 2 | X11: 2 | Y11: =SUM(T11:X11) -> 10 | Z11: =IF(Y11>=8,"Low",IF(Y11>=4,"Moderate",IF(Y11>=0,"Serious","Critical"))) -> Low | AA11: The methodology is transparent, with a publicly available artifact and thorough descriptions of both the proposed system and its optimized baselines. The use of a breakdown analysis provides clear evidence that the implementation functions according to the intended design principles. | AB11: 2 | AC11: 2 | AD11: 2 | AE11: 1 | AF11: 2 | AG11: =SUM(AB11:AF11) -> 9 | AH11: =IF(AG11>=8,"Low",IF(AG11>=4,"Moderate",IF(AG11>=0,"Serious","Critical"))) -> Low | AI11: The researchers provide a detailed account of how the system handles concurrent operations and dynamic updates, matching these descriptions with experimental results that scale up to 256 clients. While formal crash-consistency testing is not the primary focus, the mechanisms for maintaining index consistency during updates are well-documented. | AJ11: 2 | AK11: 2 | AL11: 1 | AM11: 2 | AN11: 2 | AO11: =SUM(AJ11:AN11) -> 9 | AP11: =IF(AO11>=8,"Low",IF(AO11>=4,"Moderate",IF(AO11>=0,"Serious","Critical"))) -> Low | AQ11: The study is comprehensive, reporting multiple performance dimensions and explicitly discussing scenarios where the proposed system—or its baselines—face performance degradation. The inclusion of reconstruction overhead analysis provides a complete picture of the system's operational lifecycle. | AR11: 1 | AS11: 1 | AT11: 0 | AU11: 0 | AV11: 1 | AW11: =sum(AR11:AV11) -> 3 | AX11: =IF(AW11>=8,"Low",IF(AW11>=4,"Moderate",IF(AW11>=0,"Serious","Critical"))) -> Serious | AY11: While the metrics are standard for the field, the absence of error bars and explicit mention of warm-up periods represents a minor reporting gap. However, the use of detailed latency breakdowns and large query batches suggests a rigorous approach to quantifying system behavior. | AZ11: 2 | BA11: 2 | BB11: 2 | BC11: 2 | BD11: 2 | BE11: =sum(AZ11:BD11) -> 10 | BF11: =IF(BE11>=8,"Low",IF(BE11>=4,"Moderate",IF(BE11>=0,"Serious","Critical"))) -> Low | BG11: The paper demonstrates a high level of transparency by providing a public artifact, reporting results for all mentioned datasets, and including a sensitivity analysis. The balanced presentation of results across varied workloads suggests a lack of selective reporting. | BH11: =SUM(I11,Q11,Y11,AG11,AO11,AW11,BE11) -> 58 | BI11: =IF(BH11>=56,"Low",IF(BH11>=35,"Moderate",IF(BH11>=14,"Serious","Critical"))) -> Low | BJ11: FALSE
A12: 10 | B12: Towards Optimizing Learned Index for High Performance, Memory Efficiency and NUMA Awareness | C12: 2025 | D12: 2 | E12: 2 | F12: 2 | G12: 1 | H12: 2 | I12: =SUM(D12:H12) -> 9 | J12: =IF(I12>=8,"Low",IF(I12>=4,"Moderate",IF(I12>=0,"Serious","Critical"))) -> Low | K12: The study provides a high level of transparency regarding its hardware environment and the specific configurations of baseline models, ensuring that comparisons are made on an even playing field. By implementing a warm-up period and matching node sizes across different index types, the authors minimize potential performance artifacts. | L12: 1 | M12: 2 | N12: 0 | O12: 2 | P12: 2 | Q12: =SUM(L12:P12) -> 7 | R12: =IF(Q12>=8,"Low",IF(Q12>=4,"Moderate",IF(Q12>=0,"Serious","Critical"))) -> Moderate | S12: The study provides a high level of transparency regarding its hardware environment and the specific configurations of baseline models, ensuring that comparisons are made on an even playing field. By implementing a warm-up period and matching node sizes across different index types, the authors minimize potential performance artifacts. | T12: 2 | U12: 1 | V12: 2 | W12: 2 | X12: 2 | Y12: =SUM(T12:X12) -> 9 | Z12: =IF(Y12>=8,"Low",IF(Y12>=4,"Moderate",IF(Y12>=0,"Serious","Critical"))) -> Low | AA12: The implementation is described with a high degree of technical granularity, covering the mathematical scaling of models and the logic behind phase-based data migration. The use of established benchmarks and thorough sensitivity testing ensures that the reported system functions as the theoretical design intended. | AB12: 2 | AC12: 2 | AD12: 2 | AE12: 1 | AF12: 2 | AG12: =SUM(AB12:AF12) -> 9 | AH12: =IF(AG12>=8,"Low",IF(AG12>=4,"Moderate",IF(AG12>=0,"Serious","Critical"))) -> Low | AI12: The experimental execution is robust, utilizing industry-standard benchmarks (YCSB) and varied real-world datasets to test the system under stress. The clear specification of thread counts and the use of realistic data skew provide a high level of confidence in the experimental results, though more direct testing of crash recovery speed would further strengthen the persistence claims. | AJ12: 2 | AK12: 2 | AL12: 2 | AM12: 2 | AN12: 2 | AO12: =SUM(AJ12:AN12) -> 10 | AP12: =IF(AO12>=8,"Low",IF(AO12>=4,"Moderate",IF(AO12>=0,"Serious","Critical"))) -> Low | AQ12: The researchers provide a balanced view by reporting not only high-level throughput but also memory overheads and specific scenarios where the system underperforms. This transparency regarding performance trade-offs and multi-NUMA bottlenecks indicates a low risk of reporting bias. | AR12: 1 | AS12: 0 | AT12: -1 | AU12: 2 | AV12: 1 | AW12: =sum(AR12:AV12) -> 3 | AX12: =IF(AW12>=8,"Low",IF(AW12>=4,"Moderate",IF(AW12>=0,"Serious","Critical"))) -> Serious | AY12: The use of a clear warm-up period and the focus on minimizing monitoring overhead are strong practices. However, the lack of reported statistical variance (error bars) and specific details on the number of repeated trials introduces some uncertainty regarding the precision of the measurements. | AZ12: 2 | BA12: 2 | BB12: 2 | BC12: 1 | BD12: 2 | BE12: =sum(AZ12:BD12) -> 9 | BF12: =IF(BE12>=8,"Low",IF(BE12>=4,"Moderate",IF(BE12>=0,"Serious","Critical"))) -> Low | BG12: The paper avoids "cherry-picking" by testing against a standard benchmark suite (YCSB) and including diverse real-world datasets of varying difficulty. By highlighting cases where existing models are superior or where DiffLex hits performance ceilings, the authors demonstrate a commitment to objective reporting. | BH12: =SUM(I12,Q12,Y12,AG12,AO12,AW12,BE12) -> 56 | BI12: =IF(BH12>=56,"Low",IF(BH12>=35,"Moderate",IF(BH12>=14,"Serious","Critical"))) -> Low | BJ12: FALSE
A13: 11 | B13: LCKV: Learner-Cleaner Optimized Adaptive Key-Value Separated LSM-Tree Store | C13: 2024 | D13: 2 | E13: 2 | F13: 1 | G13: 2 | H13: 1 | I13: =SUM(D13:H13) -> 8 | J13: =IF(I13>=8,"Low",IF(I13>=4,"Moderate",IF(I13>=0,"Serious","Critical"))) -> Low | K13: The paper provides comprehensive details regarding the hardware environment and software versions, ensuring a controlled testing environment. While specific kernel-level environmental controls are not detailed, the use of standardized KV pair sizes and established baselines supports a fair experimental setup. | L13: 2 | M13: 2 | N13: 0 | O13: 1 | P13: 2 | Q13: =SUM(L13:P13) -> 7 | R13: =IF(Q13>=8,"Low",IF(Q13>=4,"Moderate",IF(Q13>=0,"Serious","Critical"))) -> Moderate | S13: The researchers used a standardized and comprehensive benchmark suite (YCSB) to test a wide array of access patterns. By reporting results across all workloads, including those where LCKV was not the absolute leader, the authors demonstrate a transparent and non-selective evaluation process. | T13: 2 | U13: -1 | V13: 2 | W13: 2 | X13: 2 | Y13: =SUM(T13:X13) -> 7 | Z13: =IF(Y13>=8,"Low",IF(Y13>=4,"Moderate",IF(Y13>=0,"Serious","Critical"))) -> Moderate | AA13: The paper provides a detailed algorithmic and structural breakdown of the LCKV system, specifically regarding the interaction between the Learner and the Cleaner. However, the omission of a public repository link for the LCKV code itself poses a challenge for full independent reproducibility. | AB13: 2 | AC13: 2 | AD13: 0 | AE13: 0 | AF13: 2 | AG13: =SUM(AB13:AF13) -> 6 | AH13: =IF(AG13>=8,"Low",IF(AG13>=4,"Moderate",IF(AG13>=0,"Serious","Critical"))) -> Moderate | AI13: The experimental execution uses standardized, realistic workload patterns (YCSB) and maintains consistency between the proposed Learner-Cleaner architecture and the performance results. However, there is no information regarding thread-level concurrency or system recovery, which are critical for evaluating production-ready storage systems. | AJ13: 1 | AK13: 2 | AL13: 1 | AM13: 2 | AN13: 2 | AO13: =SUM(AJ13:AN13) -> 8 | AP13: =IF(AO13>=8,"Low",IF(AO13>=4,"Moderate",IF(AO13>=0,"Serious","Critical"))) -> Low | AQ13: The paper demonstrates honest reporting by including unfavorable comparisons where LCKV underperforms compared to established baselines. It provides a complete set of results for all promised experiments, although a more explicit section dedicated to the system's limitations would further strengthen the reporting. | AR13: 1 | AS13: 0 | AT13: -2 | AU13: 0 | AV13: 0 | AW13: =sum(AR13:AV13) -> -1 | AX13: =IF(AW13>=8,"Low",IF(AW13>=4,"Moderate",IF(AW13>=0,"Serious","Critical"))) -> Critical | AY13: While the high-level metrics are clearly visualized, there is a significant lack of statistical rigor, specifically the absence of error bars or details regarding repeated trials. Without information on warm-up periods or measurement overhead, it is difficult to determine if the reported throughput is consistently reproducible across different runs. | AZ13: 2 | BA13: 2 | BB13: 2 | BC13: -1 | BD13: 2 | BE13: =sum(AZ13:BD13) -> 7 | BF13: =IF(BE13>=8,"Low",IF(BE13>=4,"Moderate",IF(BE13>=0,"Serious","Critical"))) -> Moderate | BG13: The authors provide a comprehensive and balanced view of LCKV’s performance across all tested scenarios. The primary concern in this domain is reproducibility, as the lack of a public repository for the LCKV implementation hinders independent verification of the results. | BH13: =SUM(I13,Q13,Y13,AG13,AO13,AW13,BE13) -> 42 | BI13: =IF(BH13>=56,"Low",IF(BH13>=35,"Moderate",IF(BH13>=14,"Serious","Critical"))) -> Moderate | BJ13: FALSE
A14: 12 | B14: HIRE: A Hybrid Learned Index for Robust and Efficient Performance under Mixed Workloads | D14: 2 | E14: 2 | F14: 1 | G14: 2 | H14: 2 | I14: =SUM(D14:H14) -> 9 | J14: =IF(I14>=8,"Low",IF(I14>=4,"Moderate",IF(I14>=0,"Serious","Critical"))) -> Low | K14: The study demonstrates a high degree of experimental control by using standardized hardware and compiler settings for all tested indexes. Fairness is maintained by citing the exact GitHub sources for baselines and conducting parameter tuning to ensure each baseline performs at its best. | L14: 2 | M14: 2 | N14: 0 | O14: 0 | P14: 2 | Q14: =SUM(L14:P14) -> 6 | R14: =IF(Q14>=8,"Low",IF(Q14>=4,"Moderate",IF(Q14>=0,"Serious","Critical"))) -> Moderate | S14: The research utilizes established real-world benchmarks (SOSD and GRE) that cover a broad spectrum of data distributions. By including datasets where learned indexes traditionally struggle, the authors provide a robust and non-biased assessment of HIRE’s performance under difficult conditions. | T14: 2 | U14: 1 | V14: 2 | W14: 2 | X14: 2 | Y14: =SUM(T14:X14) -> 9 | Z14: =IF(Y14>=8,"Low",IF(Y14>=4,"Moderate",IF(Y14>=0,"Serious","Critical"))) -> Low | AA14: The implementation details are exceptionally transparent, supported by comprehensive pseudocode and ablation studies that validate the core design choices. The reliance on reputable third-party implementations for all comparisons further reduces the risk of implementation bias. | AB14: 2 | AC14: 2 | AD14: 2 | AE14: 0 | AF14: 2 | AG14: =SUM(AB14:AF14) -> 8 | AH14: =IF(AG14>=8,"Low",IF(AG14>=4,"Moderate",IF(AG14>=0,"Serious","Critical"))) -> Low | AI14: The study executes experiments that are highly consistent with its stated methodology, using standardized workload ratios to test dynamic operations. Concurrency is addressed with specific thread counts and clear synchronization logic, ensuring the execution is both transparent and rigorous. | AJ14: 2 | AK14: 2 | AL14: 2 | AM14: 2 | AN14: 1 | AO14: =SUM(AJ14:AN14) -> 9 | AP14: =IF(AO14>=8,"Low",IF(AO14>=4,"Moderate",IF(AO14>=0,"Serious","Critical"))) -> Low | AQ14: The reporting is exceptionally balanced, as it includes negative findings regarding construction speed and concurrency limits. By acknowledging the limitations of numeric-only indexing and providing ablation data for every core feature, the authors minimize reporting bias. | AR14: 1 | AS14: 1 | AT14: 1 | AU14: 0 | AV14: 1 | AW14: =sum(AR14:AV14) -> 4 | AX14: =IF(AW14>=8,"Low",IF(AW14>=4,"Moderate",IF(AW14>=0,"Serious","Critical"))) -> Moderate | AY14: The use of high-percentile tail latency provides a strong look at performance variance, though the absence of explicit warm-up procedures or timing mechanism details (e.g., specific clock calls) leaves minor room for measurement bias. | AZ14: 2 | BA14: 2 | BB14: 2 | BC14: 1 | BD14: 2 | BE14: =sum(AZ14:BD14) -> 9 | BF14: =IF(BE14>=8,"Low",IF(BE14>=4,"Moderate",IF(BE14>=0,"Serious","Critical"))) -> Low | BG14: The research avoids selective reporting by showcasing diverse performance dimensions, including areas where the proposed method is not the top performer (such as build time). The inclusion of all datasets in the results ensures a complete and honest presentation of the findings. | BH14: =SUM(I14,Q14,Y14,AG14,AO14,AW14,BE14) -> 54 | BI14: =IF(BH14>=56,"Low",IF(BH14>=35,"Moderate",IF(BH14>=14,"Serious","Critical"))) -> Moderate | BJ14: FALSE
A15: 13 | B15: Bounding the Last Mile: Efficient Learned String Indexing | C15: 2021 | D15: 2 | E15: 0 | F15: 0 | G15: 2 | H15: 1 | I15: =SUM(D15:H15) -> 5 | J15: =IF(I15>=8,"Low",IF(I15>=4,"Moderate",IF(I15>=0,"Serious","Critical"))) -> Moderate | K15: The paper excels in selecting and describing relevant real-world datasets and modern baselines. However, it lacks reported detail on the specific hardware and environmental controls used during testing, making it difficult to fully assess experimental confounding. | L15: 2 | M15: 2 | N15: 2 | O15: 1 | P15: 2 | Q15: =SUM(L15:P15) -> 9 | R15: =IF(Q15>=8,"Low",IF(Q15>=4,"Moderate",IF(Q15>=0,"Serious","Critical"))) -> Low | S15: The researchers utilized a robust set of large-scale real-world datasets that represent different string-based challenges. Their willingness to report and analyze poor performance on specific datasets (URLs) demonstrates a lack of selection bias. | T15: 2 | U15: 0 | V15: 2 | W15: 2 | X15: 2 | Y15: =SUM(T15:X15) -> 8 | Z15: =IF(Y15>=8,"Low",IF(Y15>=4,"Moderate",IF(Y15>=0,"Serious","Critical"))) -> Low | AA15: The methodology and architecture of RSS are well-documented, and the use of established baselines ensures the comparison is meaningful. The primary limitation in this domain is the absence of a direct link to the source code in the provided text. | AB15: 2 | AC15: 0 | AD15: 0 | AE15: 0 | AF15: 2 | AG15: =SUM(AB15:AF15) -> 4 | AH15: =IF(AG15>=8,"Low",IF(AG15>=4,"Moderate",IF(AG15>=0,"Serious","Critical"))) -> Moderate | AI15: The experiments are highly consistent with the primary indexing and dictionary encoding scenarios described. However, the evaluation is limited to static datasets, as the authors intentionally exclude dynamic operations and concurrency from the scope of this work. | AJ15: 2 | AK15: 2 | AL15: 2 | AM15: 2 | AN15: 2 | AO15: =SUM(AJ15:AN15) -> 10 | AP15: =IF(AO15>=8,"Low",IF(AO15>=4,"Moderate",IF(AO15>=0,"Serious","Critical"))) -> Low | AQ15: The reporting is comprehensive and transparent. The authors do not hide the fact that their method can be slower than competitors like HOT on certain datasets and provide a technical explanation for these performance characteristics. | AR15: 0 | AS15: 0 | AT15: -2 | AU15: 0 | AV15: 0 | AW15: =sum(AR15:AV15) -> -2 | AX15: =IF(AW15>=8,"Low",IF(AW15>=4,"Moderate",IF(AW15>=0,"Serious","Critical"))) -> Critical | AY15: While the metrics reported are standard, the lack of information regarding measurement rigor—such as statistical variance, hardware environment, and timing mechanisms—introduces uncertainty regarding the precision and replicability of the performance numbers. | AZ15: 2 | BA15: 2 | BB15: 2 | BC15: 1 | BD15: 2 | BE15: =sum(AZ15:BD15) -> 9 | BF15: =IF(BE15>=8,"Low",IF(BE15>=4,"Moderate",IF(BE15>=0,"Serious","Critical"))) -> Low | BG15: The paper demonstrates a balanced selection of results, including data where the proposed method is not the top performer. Transparency is high regarding the datasets used, though the accessibility of the exact source code for RSS is not explicitly confirmed in the text | BH15: =SUM(I15,Q15,Y15,AG15,AO15,AW15,BE15) -> 43 | BI15: =IF(BH15>=56,"Low",IF(BH15>=35,"Moderate",IF(BH15>=14,"Serious","Critical"))) -> Moderate | BJ15: FALSE
A16: 14 | B16: BLI: A High-performance Bucket-based Learned Index with Concurrency Support | C16: 2025 | D16: 2 | E16: 2 | F16: 1 | G16: 2 | H16: 1 | I16: =SUM(D16:H16) -> 8 | J16: =IF(I16>=8,"Low",IF(I16>=4,"Moderate",IF(I16>=0,"Serious","Critical"))) -> Low | K16: The research demonstrates strong experimental control by detailing hardware specifications and utilizing a recognized third-party benchmarking suite for baseline implementations. While specific system-level controls like cache flushing are not explicitly documented, the thorough description of dataset "hardness" and key sizes ensures a transparent comparison environment. | L16: 2 | M16: 2 | N16: 0 | O16: 2 | P16: 1 | Q16: =SUM(L16:P16) -> 7 | R16: =IF(Q16>=8,"Low",IF(Q16>=4,"Moderate",IF(Q16>=0,"Serious","Critical"))) -> Moderate | S16: Dataset selection is well-justified and follows established research precedents by categorizing data based on distribution complexity. The inclusion of negative results regarding range query performance and specific dataset scenarios provides significant evidence against cherry-picking and suggests a balanced evaluation. | T16: 2 | U16: 2 | V16: 2 | W16: 2 | X16: 2 | Y16: =SUM(T16:X16) -> 10 | Z16: =IF(Y16>=8,"Low",IF(Y16>=4,"Moderate",IF(Y16>=0,"Serious","Critical"))) -> Low | AA16: The implementation is highly transparent, featuring detailed pseudocode for its core logic and providing public access to the source code for reproducibility. By using baseline implementations from an established benchmarking paper, the study avoids "strawman" comparisons and ensures all tested systems are properly optimized. | AB16: 2 | AC16: 2 | AD16: 2 | AE16: 0 | AF16: 2 | AG16: =SUM(AB16:AF16) -> 8 | AH16: =IF(AG16>=8,"Low",IF(AG16>=4,"Moderate",IF(AG16>=0,"Serious","Critical"))) -> Low | AI16: The experiments are executed with well-defined workload parameters and cover a diverse range of operational ratios, which accurately reflect the needs of dynamic learned indexes. While the paper lacks information on crash recovery, it provides a thorough evaluation of concurrency using realistic thread counts and detailed synchronization mechanisms. | AJ16: 2 | AK16: 2 | AL16: 2 | AM16: 2 | AN16: 2 | AO16: =SUM(AJ16:AN16) -> 10 | AP16: =IF(AO16>=8,"Low",IF(AO16>=4,"Moderate",IF(AO16>=0,"Serious","Critical"))) -> Low | AQ16: The researchers provide a highly transparent report that includes comprehensive performance dimensions and explicitly highlights where their system is weaker than existing state-of-the-art methods. By explaining anomalies in performance and acknowledging design trade-offs, they minimize the risk of reporting bias. | AR16: 1 | AS16: 0 | AT16: -1 | AU16: 0 | AV16: 0 | AW16: =sum(AR16:AV16) -> 0 | AX16: =IF(AW16>=8,"Low",IF(AW16>=4,"Moderate",IF(AW16>=0,"Serious","Critical"))) -> Serious | AY16: While the metrics and benchmarks used are standard for the field, there is a lack of statistical detail regarding measurement variance and experimental repetition. The absence of error bars and explicit warm-up procedures suggests some risk that transient system effects could influence the reported numbers. | AZ16: 2 | BA16: 2 | BB16: 2 | BC16: 2 | BD16: 2 | BE16: =sum(AZ16:BD16) -> 10 | BF16: =IF(BE16>=8,"Low",IF(BE16>=4,"Moderate",IF(BE16>=0,"Serious","Critical"))) -> Low | BG16: The research displays high integrity in result selection by providing public access to source code and artifacts for verification. The inclusion of comprehensive workload ratios and the explicit reporting of unfavorable performance results in specific scenarios strongly suggests the absence of selective reporting or cherry-picking. | BH16: =SUM(I16,Q16,Y16,AG16,AO16,AW16,BE16) -> 53 | BI16: =IF(BH16>=56,"Low",IF(BH16>=35,"Moderate",IF(BH16>=14,"Serious","Critical"))) -> Moderate | BJ16: FALSE
A17: 15 | B17: The PGM-index: a fully-dynamic compressed learned index with provable worst-case bounds | C17: 2020 | D17: 2 | E17: 1 | F17: 1 | G17: 2 | H17: 2 | I17: =SUM(D17:H17) -> 8 | J17: =IF(I17>=8,"Low",IF(I17>=4,"Moderate",IF(I17>=0,"Serious","Critical"))) -> Low | K17: The paper demonstrates strong experimental control by using widely recognized baseline libraries and ensuring the competitor structures are optimized through various configurations like page sizes and model counts. While some environment-specific details like OS versions are missing, the use of randomized operation batches to control for hardware prefetching shows a high level of concern for experimental fairness. | L17: 1 | M17: 2 | N17: 0 | O17: 2 | P17: 2 | Q17: =SUM(L17:P17) -> 7 | R17: =IF(Q17>=8,"Low",IF(Q17>=4,"Moderate",IF(Q17>=0,"Serious","Critical"))) -> Moderate | S17: The dataset selection is robust, covering a wide range of synthetic statistical distributions and standard real-world benchmarks that vary in size and pattern. The authors avoid cherry-picking by reporting comprehensive results across various error tolerances (ϵ) and identifying specific scenarios where their secondary optimizations, like slope compression, do not perform well. | T17: 2 | U17: 2 | V17: 2 | W17: 2 | X17: 2 | Y17: =SUM(T17:X17) -> 10 | Z17: =IF(Y17>=8,"Low",IF(Y17>=4,"Moderate",IF(Y17>=0,"Serious","Critical"))) -> Low | AA17: The paper excels in implementation transparency by providing both rigorous theoretical proofs and clear pseudocode for its algorithms. By releasing the source code and utilizing highly optimized, reputable libraries for baseline comparisons, the authors minimize the risk of "strawman" benchmarking or implementation bias. | AB17: 2 | AC17: 2 | AD17: 0 | AE17: 0 | AF17: 2 | AG17: =SUM(AB17:AF17) -> 6 | AH17: =IF(AG17>=8,"Low",IF(AG17>=4,"Moderate",IF(AG17>=0,"Serious","Critical"))) -> Moderate | AI17: The experimental execution is robust regarding workload definitions and the handling of dynamic operations, specifically avoiding hardware-level shortcuts like speculative execution. However, because the paper's scope is primarily on the algorithmic design of the index structure itself, details on concurrency and crash recovery are absent from the sources. | AJ17: 2 | AK17: 2 | AL17: 2 | AM17: 2 | AN17: 2 | AO17: =SUM(AJ17:AN17) -> 10 | AP17: =IF(AO17>=8,"Low",IF(AO17>=4,"Moderate",IF(AO17>=0,"Serious","Critical"))) -> Low | AQ17: The paper is transparent about the performance trade-offs, showing exactly when and why the PGM-index might underperform traditional structures. The reporting is comprehensive, covering all promised configurations and acknowledging the complexity of dynamic updates. | AR17: 1 | AS17: 1 | AT17: 2 | AU17: 0 | AV17: 0 | AW17: =sum(AR17:AV17) -> 4 | AX17: =IF(AW17>=8,"Low",IF(AW17>=4,"Moderate",IF(AW17>=0,"Serious","Critical"))) -> Moderate | AY17: The paper uses rigorous batch testing and reports statistical variance for its error-approximation models. However, it lacks specific details regarding low-level measurement overheads and explicit warm-up procedures, which are common in high-performance computing benchmarks. | AZ17: 2 | BA17: 2 | BB17: 2 | BC17: 2 | BD17: 2 | BE17: =sum(AZ17:BD17) -> 10 | BF17: =IF(BE17>=8,"Low",IF(BE17>=4,"Moderate",IF(BE17>=0,"Serious","Critical"))) -> Low | BG17: The authors demonstrate high integrity by reporting a wide range of outcomes, including where the B+-tree is superior and where compression adds latency. The public availability of their source code further supports the lack of selective reporting bias. | BH17: =SUM(I17,Q17,Y17,AG17,AO17,AW17,BE17) -> 55 | BI17: =IF(BH17>=56,"Low",IF(BH17>=35,"Moderate",IF(BH17>=14,"Serious","Critical"))) -> Moderate | BJ17: FALSE
A18: 16 | B18: On nonlinear learned string indexing | C18: 2023 | D18: 2 | E18: 2 | F18: 1 | G18: 2 | H18: 2 | I18: =SUM(D18:H18) -> 9 | J18: =IF(I18>=8,"Low",IF(I18>=4,"Moderate",IF(I18>=0,"Serious","Critical"))) -> Low | K18: The authors maintain strong experimental control by clearly defining the hardware used (Intel Core i7 CPU and NVIDIA GeForce GPU) and ensuring all query time comparisons are conducted on the same systems. They provide a comprehensive description of baselines, specifically the Fast Succinct Trie (FST), and justify why other structures like B-trees or RMI were either unsuitable or unavailable for comparison. Performance is reported as an average of 10 repetitions to mitigate environmental noise, although specific OS-level controls like cache flushing are not explicitly detailed. Finally, the paper demonstrates fair optimization by rigorously tuning the ANN models (using Adam optimization and MAE/MSE loss) while simultaneously varying the sampling rate of the FST baseline to provide a fair space-time trade-off curve. | L18: 2 | M18: 2 | N18: 2 | O18: 2 | P18: 2 | Q18: =SUM(L18:P18) -> 10 | R18: =IF(Q18>=8,"Low",IF(Q18>=4,"Moderate",IF(Q18>=0,"Serious","Critical"))) -> Low | S18: The study avoids selection bias by utilizing four real-world datasets from widely different domains—natural language, geographic locations, URLs, and genomics—to ensure a variety of alphabet sizes and string densities. These are supplemented by a synthetic generator specifically designed to test how variations in string length, alphabet size, and density affect model performance. The testing covers a broad range of string characteristics, including short, dense DNA sequences and long, sparse URLs. There is no evidence of cherry-picking; the authors openly report that their proposed learned models failed to outperform the baseline in three out of four real-world scenarios, leading them to the objective conclusion that learned models are not yet a complete replacement for classic trie-based solutions. | T18: 2 | U18: 2 | V18: 2 | W18: 2 | X18: 2 | Y18: =SUM(T18:X18) -> 10 | Z18: =IF(Y18>=8,"Low",IF(Y18>=4,"Moderate",IF(Y18>=0,"Serious","Critical"))) -> Low | AA18: The paper demonstrates high transparency by providing architectural diagrams, a dedicated table for hyperparameters, and a public link for code and data. By using the Fast Succinct Trie and justifying the exclusion of other models based on preliminary testing, the authors ensure the comparisons are both fair and reproducible. | AB18: 2 | AC18: 0 | AD18: 0 | AE18: 0 | AF18: 2 | AG18: =SUM(AB18:AF18) -> 4 | AH18: =IF(AG18>=8,"Low",IF(AG18>=4,"Moderate",IF(AG18>=0,"Serious","Critical"))) -> Moderate | AI18: The experiments are internally consistent with the stated methodology, providing a clear picture of how string density and alphabet size affect performance. While dynamic operations and concurrency are not addressed, the authors are transparent about these limitations, framing them as open problems for future work rather than claiming functionality they did not test. | AJ18: 2 | AK18: 2 | AL18: 2 | AM18: 2 | AN18: 2 | AO18: =SUM(AJ18:AN18) -> 10 | AP18: =IF(AO18>=8,"Low",IF(AO18>=4,"Moderate",IF(AO18>=0,"Serious","Critical"))) -> Low | AQ18: The paper excels in reporting by providing a balanced view that prioritizes honesty over promotion. By including detailed metrics for failure cases and explaining anomalous data points, the authors provide a complete picture of the current state of learned string indexing. | AR18: 2 | AS18: 2 | AT18: 0 | AU18: 0 | AV18: 0 | AW18: =sum(AR18:AV18) -> 4 | AX18: =IF(AW18>=8,"Low",IF(AW18>=4,"Moderate",IF(AW18>=0,"Serious","Critical"))) -> Moderate | AY18: The authors provide solid baseline information regarding hardware and averaging, which supports general reproducibility. However, the assessment is limited by the lack of reported variance (like standard deviation) and silence on system-level initialization (warm-up), which are standard for high-precision systems research. | AZ18: 2 | BA18: 2 | BB18: 2 | BC18: 2 | BD18: 2 | BE18: =sum(AZ18:BD18) -> 10 | BF18: =IF(BE18>=8,"Low",IF(BE18>=4,"Moderate",IF(BE18>=0,"Serious","Critical"))) -> Low | BG18: This domain receives the highest possible marks because the authors published their code and showcased their model’s superiority in only one out of four real-world test cases. This level of transparency strongly mitigates any suspicion of selective reporting or bias toward their own proposed SMLP model. | BH18: =SUM(I18,Q18,Y18,AG18,AO18,AW18,BE18) -> 57 | BI18: =IF(BH18>=56,"Low",IF(BH18>=35,"Moderate",IF(BH18>=14,"Serious","Critical"))) -> Low | BJ18: FALSE
A19: 17 | B19: UpLIF: An Updatable Self-Tuning Learned Index Framework | C19: Not explicitly mentioned in the sources (though the bibliography contains references dated as recently as 2024). | D19: 2 | E19: 2 | F19: 1 | G19: 2 | H19: 1 | I19: =SUM(D19:H19) -> 8 | J19: =IF(I19>=8,"Low",IF(I19>=4,"Moderate",IF(I19>=0,"Serious","Critical"))) -> Low | K19: The paper provides highly detailed specifications for its hardware, software, and datasets, ensuring a reproducible environment. Baseline methods are diverse and appropriately cited, though explicit details on the hyperparameter tuning of those specific baselines are limited compared to the internal tuning of UpLIF. | L19: 2 | M19: 2 | N19: 0 | O19: 2 | P19: 2 | Q19: =SUM(L19:P19) -> 8 | R19: =IF(Q19>=8,"Low",IF(Q19>=4,"Moderate",IF(Q19>=0,"Serious","Critical"))) -> Low | S19: The use of the SOSD benchmark ensures that the datasets are industry-standard and not selected arbitrarily. The inclusion of diverse workloads, including a specific evaluation for distribution shifts, demonstrates a commitment to testing the framework under varied, non-ideal conditions. | T19: 2 | U19: 0 | V19: 2 | W19: 2 | X19: 2 | Y19: =SUM(T19:X19) -> 8 | Z19: =IF(Y19>=8,"Low",IF(Y19>=4,"Moderate",IF(Y19>=0,"Serious","Critical"))) -> Low | AA19: The implementation is described with significant algorithmic depth, particularly regarding the mathematical relaxation of the optimization problem and the logic of the BMAT structure. While reproducibility is aided by detailed pseudocode and parameter listings, the explicit availability of the primary source code is not confirmed in the sources. | AB19: 2 | AC19: 2 | AD19: 0 | AE19: 0 | AF19: 2 | AG19: =SUM(AB19:AF19) -> 6 | AH19: =IF(AG19>=8,"Low",IF(AG19>=4,"Moderate",IF(AG19>=0,"Serious","Critical"))) -> Moderate | AI19: The experiments closely align with the methodology, utilizing well-defined, standard benchmarks and realistic workload mixes. However, the paper's scope in the sources does not extend to concurrency or crash consistency, which are omitted from the support claims. | AJ19: 1 | AK19: 1 | AL19: 0 | AM19: 2 | AN19: 1 | AO19: =SUM(AJ19:AN19) -> 5 | AP19: =IF(AO19>=8,"Low",IF(AO19>=4,"Moderate",IF(AO19>=0,"Serious","Critical"))) -> Moderate | AQ19: The paper is highly transparent regarding performance and memory usage across all Promised configurations. However, it lacks a critical discussion of its own internal limitations, focusing instead on surpassing baseline deficiencies. | AR19: 1 | AS19: 2 | AT19: -1 | AU19: 1 | AV19: 2 | AW19: =sum(AR19:AV19) -> 5 | AX19: =IF(AW19>=8,"Low",IF(AW19>=4,"Moderate",IF(AW19>=0,"Serious","Critical"))) -> Moderate | AY19: The authors employ robust practices such as averaging multiple runs and accounting for system-tuning overhead. The primary concern is the lack of visible statistical variance (error bars) in the reported performance plots. | AZ19: 2 | BA19: 1 | BB19: 2 | BC19: 1 | BD19: 2 | BE19: =sum(AZ19:BD19) -> 8 | BF19: =IF(BE19>=8,"Low",IF(BE19>=4,"Moderate",IF(BE19>=0,"Serious","Critical"))) -> Low | BG19: The reporting is comprehensive and follows the methodology strictly across various datasets and workloads. While dataset sources are transparent, the accessibility of the specific UpLIF implementation code is not confirmed in the sources. | BH19: =SUM(I19,Q19,Y19,AG19,AO19,AW19,BE19) -> 48 | BI19: =IF(BH19>=56,"Low",IF(BH19>=35,"Moderate",IF(BH19>=14,"Serious","Critical"))) -> Moderate | BJ19: FALSE
A20: 18 | B20: SALI: A scalable adaptive learned index framework based on probability models | C20: 2023 | D20: 2 | E20: 2 | F20: 2 | G20: 2 | H20: 1 | I20: =SUM(D20:H20) -> 9 | J20: =IF(I20>=8,"Low",IF(I20>=4,"Moderate",IF(I20>=0,"Serious","Critical"))) -> Low | K20: The paper demonstrates high experimental rigor by using standardized hardware and explicit cache-clearing protocols to ensure results are not skewed by environmental noise. The selection of both traditional and learned index baselines provides a comprehensive comparative context for the results. While the optimization of baseline hyperparameters is not exhaustively detailed, the use of recognized concurrent implementations suggests a fair evaluation of standard performance. | L20: 2 | M20: 2 | N20: 0 | O20: 1 | P20: 2 | Q20: =SUM(L20:P20) -> 7 | R20: =IF(Q20>=8,"Low",IF(Q20>=4,"Moderate",IF(Q20>=0,"Serious","Critical"))) -> Moderate | S20: The use of established benchmarks and a variety of workload intensities (from read-only to write-only) ensures that the findings are applicable to different system requirements. By testing against datasets specifically labeled as "hard" for learned indexes, the authors avoid the bias of only presenting scenarios where their model is naturally advantaged. However, the study is limited to numeric keys, meaning the performance on diverse string patterns remains unverified within this specific source material. | T20: 2 | U20: 2 | V20: 2 | W20: 2 | X20: 2 | Y20: =SUM(T20:X20) -> 10 | Z20: =IF(Y20>=8,"Low",IF(Y20>=4,"Moderate",IF(Y20>=0,"Serious","Critical"))) -> Low | AA20: The authors provide comprehensive pseudocode for five primary algorithms, covering lookup, insertion, and various evolving strategies. Reproducibility is strongly supported by the provision of a public GitHub repository and the use of well-regarded baselines like Masstree, ART-OLC, and concurrent versions of ALEX and LIPP. Additionally, the paper includes an ablation study in Section 4.4 that validates the effectiveness of the probability-based model against traditional statistical maintenance methods. | AB20: 2 | AC20: 2 | AD20: 2 | AE20: 0 | AF20: 2 | AG20: =SUM(AB20:AF20) -> 8 | AH20: =IF(AG20>=8,"Low",IF(AG20>=4,"Moderate",IF(AG20>=0,"Serious","Critical"))) -> Low | AI20: The experiments strictly follow the methodology by testing the specific evolving strategies for hot-read, hot-write, and cold nodes described in the technical sections. The paper details realistic concurrency levels up to 64 threads and explains the use of optimistic locking, Read-Copy-Update (RCU), and epoch-based reclamation to manage thread interactions. Furthermore, workloads are explicitly defined with clear read/write ratios and utilize diverse, real-world datasets such as COVID-19 tweet IDs and OpenStreetMap locations. | AJ20: 2 | AK20: 2 | AL20: 2 | AM20: 2 | AN20: 2 | AO20: =SUM(AJ20:AN20) -> 10 | AP20: =IF(AO20>=8,"Low",IF(AO20>=4,"Moderate",IF(AO20>=0,"Serious","Critical"))) -> Low | AQ20: The paper provides a comprehensive evaluation covering throughput, 99.9% tail latency, and index size across various datasets. The authors explicitly discuss scenarios where their strategies are less effective, such as the negligible improvement of read-evolving on "easy" datasets with low tree depth and the higher overall space cost compared to other indexes due to reserved gaps. Furthermore, a dedicated Section 5.2 outlines limitations, including the current lack of support for duplicate keys. | AR20: 2 | AS20: 2 | AT20: 1 | AU20: 1 | AV20: 2 | AW20: =sum(AR20:AV20) -> 8 | AX20: =IF(AW20>=8,"Low",IF(AW20>=4,"Moderate",IF(AW20>=0,"Serious","Critical"))) -> Low | AY20: The authors detail their experimental setup, including the specific Intel Xeon Gold server hardware and DRAM used for hyper-threading tests. They accounted for variability by repeating experiments 10 times for Hot-write workloads and 5 times for others, reporting the average after excluding outliers. While they do not explicitly show error bars in the charts, they ensure consistency by wiping caches and re-loading data between measurements to avoid intermediate result interference. | AZ20: 2 | BA20: 2 | BB20: 2 | BC20: 2 | BD20: 2 | BE20: =sum(AZ20:BD20) -> 10 | BF20: =IF(BE20>=8,"Low",IF(BE20>=4,"Moderate",IF(BE20>=0,"Serious","Critical"))) -> Low | BG20: The paper presents results for all five mentioned datasets, including those explicitly labeled as "hard" (OSM and GENOME). The reporting is balanced, showing that SALI's performance is slightly lower than LIPP+ in read-only scenarios due to the overhead of identifying hot and cold nodes. Reproducibility is prioritized through the provision of a public GitHub repository and a supplementary appendix for extended evaluation plots. | BH20: =SUM(I20,Q20,Y20,AG20,AO20,AW20,BE20) -> 62 | BI20: =IF(BH20>=56,"Low",IF(BH20>=35,"Moderate",IF(BH20>=14,"Serious","Critical"))) -> Low | BJ20: FALSE
A21: 19 | B21: Chameleon: Towards Update-Efficient Learned Indexing for Locally Skewed Data | C21: 2024 | D21: 2 | E21: 2 | F21: 1 | G21: 2 | H21: 1 | I21: =SUM(D21:H21) -> 8 | J21: =IF(I21>=8,"Low",IF(I21>=4,"Moderate",IF(I21>=0,"Serious","Critical"))) -> Low | K21: The study maintains strong experimental control by using standardized hardware and a wide array of well-documented baselines using their original source code. While it lacks explicit details on compiler-level optimizations, the use of the SOSD benchmark framework and detailed reporting of dataset skewness provides a high degree of transparency and baseline fairness | L21: 2 | M21: 2 | N21: 0 | O21: 2 | P21: 2 | Q21: =SUM(L21:P21) -> 8 | R21: =IF(Q21>=8,"Low",IF(Q21>=4,"Moderate",IF(Q21>=0,"Serious","Critical"))) -> Low | S21: The authors utilize a balanced mix of real and synthetic data sourced from an established industry benchmark to ensure diversity in data distributions. Their willingness to report and explain scenarios where their method does not outperform baselines (e.g., uniform distributions) indicates a commitment to a non-biased, comprehensive evaluation. | T21: 2 | U21: 2 | V21: 2 | W21: 2 | X21: 2 | Y21: =SUM(T21:X21) -> 10 | Z21: =IF(Y21>=8,"Low",IF(Y21>=4,"Moderate",IF(Y21>=0,"Serious","Critical"))) -> Low | AA21: The implementation is highly transparent, providing mathematical models, pseudocode, and specific architectural hyper-parameters for the reinforcement learning agents. The provision of a public GitHub repository and the use of an ablation study further ensure that the implementation is reproducible and aligns with the proposed design. | AB21: 2 | AC21: 2 | AD21: 2 | AE21: 0 | AF21: 2 | AG21: =SUM(AB21:AF21) -> 8 | AH21: =IF(AG21>=8,"Low",IF(AG21>=4,"Moderate",IF(AG21>=0,"Serious","Critical"))) -> Low | AI21: The experimental execution is robust, featuring realistic mixed-workload simulations and a clear explanation of thread interactions via interval locks to support non-blocking updates. While the methodology for concurrent execution is well-defined, the study lacks information on failure recovery or crash consistency, which may be outside its primary scope of optimising query efficiency for skewed data. | AJ21: 2 | AK21: 1 | AL21: 2 | AM21: 2 | AN21: 2 | AO21: =SUM(AJ21:AN21) -> 9 | AP21: =IF(AO21>=8,"Low",IF(AO21>=4,"Moderate",IF(AO21>=0,"Serious","Critical"))) -> Low | AQ21: The reporting is exceptionally thorough, covering all standard performance dimensions and including a transparent analysis of how individual components affect the system. The explicit inclusion of a limitations section and the discussion of performance on non-optimized (uniform) datasets demonstrate a high level of reporting integrity. | AR21: 1 | AS21: 1 | AT21: 0 | AU21: 0 | AV21: 0 | AW21: =sum(AR21:AV21) -> 2 | AX21: =IF(AW21>=8,"Low",IF(AW21>=4,"Moderate",IF(AW21>=0,"Serious","Critical"))) -> Serious | AY21: While the hardware environment is well-defined and average performance is reported, there is a lack of statistical detail regarding variance (error bars). Furthermore, the absence of information on warm-up periods and measurement overheads introduces some uncertainty regarding the precision of the cold-start performance vs steady-state performance. | AZ21: 2 | BA21: 2 | BB21: 1 | BC21: 2 | BD21: 2 | BE21: =sum(AZ21:BD21) -> 9 | BF21: =IF(BE21>=8,"Low",IF(BE21>=4,"Moderate",IF(BE21>=0,"Serious","Critical"))) -> Low | BG21: There is no evidence of selective reporting; the authors are transparent about where their method excels (locally skewed data) and where it is less efficient (construction time and uniform data). The provision of source code and consistent use of all mentioned datasets across all experiments further bolsters the credibility of the reported results. | BH21: =SUM(I21,Q21,Y21,AG21,AO21,AW21,BE21) -> 54 | BI21: =IF(BH21>=56,"Low",IF(BH21>=35,"Moderate",IF(BH21>=14,"Serious","Critical"))) -> Moderate | BJ21: FALSE
A22: 20 | B22: DobLIX: A Dual-Objective Learned Index for Log-Structured Merge Trees | C22: 2025 | D22: 2 | E22: 2 | F22: 1 | G22: 2 | H22: 1 | I22: =SUM(D22:H22) -> 8 | J22: =IF(I22>=8,"Low",IF(I22>=4,"Moderate",IF(I22>=0,"Serious","Critical"))) -> Low | K22: The study demonstrates high experimental rigor by utilizing identical hardware, documented software versions, and standard baseline implementations. Baseline fairness is maintained through the use of default industry-standard configurations and well-defined dataset characteristics. | L22: 2 | M22: 2 | N22: 2 | O22: 2 | P22: 2 | Q22: =SUM(L22:P22) -> 10 | R22: =IF(Q22>=8,"Low",IF(Q22>=4,"Moderate",IF(Q22>=0,"Serious","Critical"))) -> Low | S22: The paper avoids selection bias by testing against a comprehensive mix of established synthetic benchmarks and real-world traces. The inclusion of variable string lengths and diverse request distributions ensures the results are robust and representative of actual use cases. | T22: 2 | U22: 2 | V22: 2 | W22: 2 | X22: 2 | Y22: =SUM(T22:X22) -> 10 | Z22: =IF(Y22>=8,"Low",IF(Y22>=4,"Moderate",IF(Y22>=0,"Serious","Critical"))) -> Low | AA22: The implementation is highly transparent, featuring detailed pseudocode for all primary algorithms and the public release of the source code. The design is validated through extensive technical descriptions of the model architectures and an ablation study that confirms the necessity of each component. | AB22: 2 | AC22: 2 | AD22: 2 | AE22: 0 | AF22: 2 | AG22: =SUM(AB22:AF22) -> 8 | AH22: =IF(AG22>=8,"Low",IF(AG22>=4,"Moderate",IF(AG22>=0,"Serious","Critical"))) -> Low | AI22: The experimental execution is robust, utilizing standard benchmarks like YCSB and clearly defining thread counts and workload operation mixes. However, while it addresses metadata preservation for query stability, it provides no data on crash consistency testing or recovery time after system failures. | AJ22: 2 | AK22: 2 | AL22: 2 | AM22: 2 | AN22: 2 | AO22: =SUM(AJ22:AN22) -> 10 | AP22: =IF(AO22>=8,"Low",IF(AO22>=4,"Moderate",IF(AO22>=0,"Serious","Critical"))) -> Low | AQ22: Reporting is exceptionally transparent, including both traditional performance metrics and overhead costs. The authors do not shy away from discussing the limitations of Reinforcement Learning or scenarios where specific models (PLA vs. PRA) underperform. | AR22: 1 | AS22: 2 | AT22: 2 | AU22: 1 | AV22: 2 | AW22: =sum(AR22:AV22) -> 8 | AX22: =IF(AW22>=8,"Low",IF(AW22>=4,"Moderate",IF(AW22>=0,"Serious","Critical"))) -> Low | AY22: The use of multiple runs and statistical measures like quartiles and standard deviations provides a high degree of confidence in the results. Measurement overheads are explicitly quantified, confirming that the learned index does not significantly hinder the background processes of the storage engine. | AZ22: 2 | BA22: 2 | BB22: 2 | BC22: 2 | BD22: 2 | BE22: =sum(AZ22:BD22) -> 10 | BF22: =IF(BE22>=8,"Low",IF(BE22>=4,"Moderate",IF(BE22>=0,"Serious","Critical"))) -> Low | BG22: The paper exhibits high scientific integrity through the public release of its source code and the use of an ablation study to justify its technical contributions. The reporting is balanced, showing clearly where different algorithmic approaches succeed or fail relative to one another. | BH22: =SUM(I22,Q22,Y22,AG22,AO22,AW22,BE22) -> 64 | BI22: =IF(BH22>=56,"Low",IF(BH22>=35,"Moderate",IF(BH22>=14,"Serious","Critical"))) -> Low | BJ22: FALSE
A23: 21 | B23: The case for learned index structures | C23: 2018 | D23: 2 | E23: 1 | F23: 1 | G23: 2 | H23: 2 | I23: =SUM(D23:H23) -> 8 | J23: =IF(I23>=8,"Low",IF(I23>=4,"Moderate",IF(I23>=0,"Serious","Critical"))) -> Low | K23: The paper demonstrates a high level of experimental control by using competitive production-grade baselines and standard optimization techniques like grid search. While some environmental details (like OS version) are not explicitly listed, the authors' focus on "fair comparison" through implementations outside their testing framework suggests robust control against confounding bias. | L23: 2 | M23: 2 | N23: 1 | O23: 2 | P23: 2 | Q23: =SUM(L23:P23) -> 9 | R23: =IF(Q23>=8,"Low",IF(Q23>=4,"Moderate",IF(Q23>=0,"Serious","Critical"))) -> Low | S23: The researchers utilized a diverse array of datasets specifically chosen to test the limits of the proposed models rather than just their strengths. By including "worst-case" real-world data and reporting instances where speedups were less prominent, the paper minimizes selection bias. | T23: 2 | U23: 0 | V23: 2 | W23: 2 | X23: 1 | Y23: =SUM(T23:X23) -> 7 | Z23: =IF(Y23>=8,"Low",IF(Y23>=4,"Moderate",IF(Y23>=0,"Serious","Critical"))) -> Moderate | AA23: The paper provides a high level of technical detail regarding the RMI hierarchy and the specific neural network configurations used during testing. While the custom LIF software's public availability isn't explicitly confirmed in the text, the use of pseudocode and well-regarded baselines suggests a rigorous approach to implementation. | AB23: 2 | AC23: 0 | AD23: 0 | AE23: 0 | AF23: 2 | AG23: =SUM(AB23:AF23) -> 4 | AH23: =IF(AG23>=8,"Low",IF(AG23>=4,"Moderate",IF(AG23>=0,"Serious","Critical"))) -> Moderate | AI23: The experimental execution is tightly focused on read-only performance, which the authors justify as a common requirement for in-memory analytics. Because the paper does not claim to solve dynamic or concurrent indexing, many ROBINS-I criteria for those areas are not applicable, but the parameters for the tests they did conduct are excellently specified. | AJ23: 1 | AK23: 2 | AL23: 2 | AM23: 2 | AN23: 2 | AO23: =SUM(AJ23:AN23) -> 9 | AP23: =IF(AO23>=8,"Low",IF(AO23>=4,"Moderate",IF(AO23>=0,"Serious","Critical"))) -> Low | AQ23: The paper is highly transparent regarding the limitations of learned indexes, particularly for dynamic workloads and string data. While it prioritises latency and size over throughput, it provides a balanced view by including configurations where the proposed method is only marginally better or even slower than the baseline. | AR23: 1 | AS23: 1 | AT23: -1 | AU23: 2 | AV23: 2 | AW23: =sum(AR23:AV23) -> 5 | AX23: =IF(AW23>=8,"Low",IF(AW23>=4,"Moderate",IF(AW23>=0,"Serious","Critical"))) -> Moderate | AY23: The researchers took significant care to ensure fairness by removing ML framework overhead and using warm-up periods. The primary weakness in this domain is the omission of statistical variance (error bars/confidence intervals) in the reported performance tables. | AZ23: 2 | BA23: 2 | BB23: 2 | BC23: 0 | BD23: 2 | BE23: =sum(AZ23:BD23) -> 8 | BF23: =IF(BE23>=8,"Low",IF(BE23>=4,"Moderate",IF(BE23>=0,"Serious","Critical"))) -> Low | BG23: The paper demonstrates a high level of integrity by reporting results across all promised datasets and showing balanced comparisons. The only significant gap is the lack of a publicly available codebase for the LIF framework, which hinders independent verification of the exact reported numbers. | BH23: =SUM(I23,Q23,Y23,AG23,AO23,AW23,BE23) -> 50 | BI23: =IF(BH23>=56,"Low",IF(BH23>=35,"Moderate",IF(BH23>=14,"Serious","Critical"))) -> Moderate | BJ23: FALSE
A24: 22 | B24: SLIPP: a space-efficient learned index for string keys | D24: 2 | E24: 2 | F24: 1 | G24: 2 | H24: 1 | I24: =SUM(D24:H24) -> 8 | J24: =IF(I24>=8,"Low",IF(I24>=4,"Moderate",IF(I24>=0,"Serious","Critical"))) -> Low | K24: The researchers utilized a standardized benchmarking framework (TLI) and identical hardware specifications to compare SLIPP against established baselines. While some low-level system configurations were not explicitly listed, the detailed description of dataset characteristics and the use of a controlled single-threaded environment mitigate significant confounding risks. | L24: 2 | M24: 1 | N24: 2 | O24: 2 | P24: 2 | Q24: =SUM(L24:P24) -> 9 | R24: =IF(Q24>=8,"Low",IF(Q24>=4,"Moderate",IF(Q24>=0,"Serious","Critical"))) -> Low | S24: The study incorporates both synthetic and real-world datasets that vary in length and prefix complexity, providing a robust test for a string-based index. The inclusion and discussion of scenarios where the proposed method is less effective (e.g., long common prefixes in URLs) demonstrate a lack of cherry-picking. | T24: 2 | U24: 0 | V24: 2 | W24: 2 | X24: 1 | Y24: =SUM(T24:X24) -> 7 | Z24: =IF(Y24>=8,"Low",IF(Y24>=4,"Moderate",IF(Y24>=0,"Serious","Critical"))) -> Moderate | AA24: The researchers provide a high level of detail regarding the internal structure, node logic, and model training of SLIPP, supported by pseudocode. The use of a reputable benchmarking framework (TLI) for baselines ensures fair comparison, although the lack of a direct link to the SLIPP source code limits full reproducibility. | AB24: 2 | AC24: 2 | AD24: 0 | AE24: 0 | AF24: 2 | AG24: =SUM(AB24:AF24) -> 6 | AH24: =IF(AG24>=8,"Low",IF(AG24>=4,"Moderate",IF(AG24>=0,"Serious","Critical"))) -> Moderate | AI24: The study follows a logical progression from its architectural design to an experimental execution that tests all described operations under clearly defined workload ratios. While concurrency and crash consistency are not addressed, the researchers are transparent about limiting the scope to single-threaded, in-memory performance. | AJ24: 2 | AK24: 2 | AL24: 2 | AM24: 2 | AN24: 1 | AO24: =SUM(AJ24:AN24) -> 9 | AP24: =IF(AO24>=8,"Low",IF(AO24>=4,"Moderate",IF(AO24>=0,"Serious","Critical"))) -> Low | AQ24: The paper provides a balanced view of SLIPP’s performance, reporting both its strengths in random datasets and its weaknesses in real-world URL datasets. All primary metrics expected for an indexing structure are present and aligned with the proposed methodology. | AR24: 1 | AS24: 0 | AT24: 0 | AU24: 0 | AV24: 0 | AW24: =sum(AR24:AV24) -> 1 | AX24: =IF(AW24>=8,"Low",IF(AW24>=4,"Moderate",IF(AW24>=0,"Serious","Critical"))) -> Serious | AY24: This domain represents the highest risk of bias. While the use of a standard framework (TLI) suggests some baseline of rigor, the total absence of reported variance (error bars), number of trials, or warm-up procedures makes it difficult to assess the stability and precision of the reported throughput numbers. | AZ24: 2 | BA24: 2 | BB24: 2 | BC24: 0 | BD24: 2 | BE24: =sum(AZ24:BD24) -> 8 | BF24: =IF(BE24>=8,"Low",IF(BE24>=4,"Moderate",IF(BE24>=0,"Serious","Critical"))) -> Low | BG24: The paper demonstrates high integrity in reporting its comparative results, showing no hesitation in highlighting areas where the proposed index is outperformed. The primary weakness in this domain is the lack of public access to the implementation code, which is standard for full transparency in the field. | BH24: =SUM(I24,Q24,Y24,AG24,AO24,AW24,BE24) -> 48 | BI24: =IF(BH24>=56,"Low",IF(BH24>=35,"Moderate",IF(BH24>=14,"Serious","Critical"))) -> Moderate | BJ24: FALSE
A25: 23 | B25: A fully on-disk updatable learned index | C25: 2024 | D25: 2 | E25: 2 | F25: 1 | G25: 2 | H25: 1 | I25: =SUM(D25:H25) -> 8 | J25: =IF(I25>=8,"Low",IF(I25>=4,"Moderate",IF(I25>=0,"Serious","Critical"))) -> Low | K25: The study provides a highly transparent experimental setup, detailing the specific hardware and software used to ensure reproducibility. By leveraging baseline implementations from a previous comprehensive evaluation, the authors mitigate the risk of "strawman" comparisons. While some environmental controls like OS-level cache clearing aren't explicitly detailed, the focus on I/O as the primary metric addresses the most significant confounding factor in on-disk indexing. | L25: 2 | M25: 2 | N25: 0 | O25: 2 | P25: 2 | Q25: =SUM(L25:P25) -> 8 | R25: =IF(Q25>=8,"Low",IF(Q25>=4,"Moderate",IF(Q25>=0,"Serious","Critical"))) -> Low | S25: The research utilizes a rigorous selection methodology by adopting a third-party benchmarking framework to categorize data distribution hardness. The inclusion of both skewed workloads and massive 800M key datasets demonstrates a commitment to testing the index under stress rather than only in ideal conditions. The use of multiple real-world datasets ensures that the results are generalizable to actual database applications. | T25: 2 | U25: 2 | V25: 2 | W25: 2 | X25: 2 | Y25: =SUM(T25:X25) -> 10 | Z25: =IF(Y25>=8,"Low",IF(Y25>=4,"Moderate",IF(Y25>=0,"Serious","Critical"))) -> Low | AA25: The implementation of AULID is highly transparent, featuring detailed algorithmic pseudocode and a clear structural diagram. The provision of a publicly available source code repository and the use of established, peer-reviewed baseline implementations minimize the risk of implementation bias. | AB25: 2 | AC25: 2 | AD25: 0 | AE25: 0 | AF25: 2 | AG25: =SUM(AB25:AF25) -> 6 | AH25: =IF(AG25>=8,"Low",IF(AG25>=4,"Moderate",IF(AG25>=0,"Serious","Critical"))) -> Moderate | AI25: The experimental execution is robust, utilizing a wide range of real-world datasets and clearly defined mixed-workload ratios to simulate dynamic database environments. While the study is limited to single-threaded performance, this scope is clearly articulated, and all relevant workload parameters are precisely documented for reproducibility. | AJ25: 2 | AK25: 2 | AL25: 2 | AM25: 2 | AN25: 2 | AO25: =SUM(AJ25:AN25) -> 10 | AP25: =IF(AO25>=8,"Low",IF(AO25>=4,"Moderate",IF(AO25>=0,"Serious","Critical"))) -> Low | AQ25: The reporting is exceptionally thorough, covering every performance dimension promised in the methodology. The authors do not shy away from discussing AULID's higher latency variance compared to traditional trees, ensuring a balanced view of the system's trade-offs. | AR25: 1 | AS25: 2 | AT25: 2 | AU25: 0 | AV25: 1 | AW25: =sum(AR25:AV25) -> 6 | AX25: =IF(AW25>=8,"Low",IF(AW25>=4,"Moderate",IF(AW25>=0,"Serious","Critical"))) -> Moderate | AY25: The use of standard deviation and tail latency indicates that the experimental execution was repeated and statistically analyzed. The lack of explicit detail on warm-up periods is a minor omission in an otherwise robust measurement framework. | AZ25: 2 | BA25: 2 | BB25: 2 | BC25: 2 | BD25: 2 | BE25: =sum(AZ25:BD25) -> 10 | BF25: =IF(BE25>=8,"Low",IF(BE25>=4,"Moderate",IF(BE25>=0,"Serious","Critical"))) -> Low | BG25: The research demonstrates high integrity in reporting by using established benchmarks and providing all necessary materials for external validation. The consistent presentation of AULID alongside baselines across all datasets and workloads suggests a transparent and non-selective reporting process. | BH25: =SUM(I25,Q25,Y25,AG25,AO25,AW25,BE25) -> 58 | BI25: =IF(BH25>=56,"Low",IF(BH25>=35,"Moderate",IF(BH25>=14,"Serious","Critical"))) -> Low | BJ25: FALSE
A26: 24 | B26: Revisiting learned index with byte-addressable persistent storage | D26: 2 | E26: 2 | F26: 2 | G26: 2 | H26: 1 | I26: =SUM(D26:H26) -> 9 | J26: =IF(I26>=8,"Low",IF(I26>=4,"Moderate",IF(I26>=0,"Serious","Critical"))) -> Low | K26: The study provides a highly controlled experimental environment with detailed hardware and software specifications. It ensures baseline fairness by applying uniform persistence primitives across different index structures and clearly defines the characteristics of the datasets used. | L26: 1 | M26: 2 | N26: 0 | O26: 2 | P26: 2 | Q26: =SUM(L26:P26) -> 7 | R26: =IF(Q26>=8,"Low",IF(Q26>=4,"Moderate",IF(Q26>=0,"Serious","Critical"))) -> Moderate | S26: The researchers utilized a standardized suite of synthetic and real-world datasets that are common in the learned index literature. Testing across multiple thread counts and workload balances (read/write ratios) provides a comprehensive view of the system's performance | T26: 2 | U26: 0 | V26: 2 | W26: 2 | X26: 2 | Y26: =SUM(T26:X26) -> 8 | Z26: =IF(Y26>=8,"Low",IF(Y26>=4,"Moderate",IF(Y26>=0,"Serious","Critical"))) -> Low | AA26: The implementation details are robustly documented through architectural diagrams and pseudocode. The authors further validate their design through a comprehensive factor analysis, although the lack of a direct link to the source code is a minor omission for full reproducibility. | AB26: 2 | AC26: 2 | AD26: 2 | AE26: 2 | AF26: 2 | AG26: =SUM(AB26:AF26) -> 10 | AH26: =IF(AG26>=8,"Low",IF(AG26>=4,"Moderate",IF(AG26>=0,"Serious","Critical"))) -> Low | AI26: The study employs a rigorous execution phase that accurately reflects the described lock-free methodology. By testing recovery under intentional failure and scaling thread counts in standardized mixed workloads, the researchers provide a realistic assessment of the index's dynamic capabilities. | AJ26: 2 | AK26: 2 | AL26: 2 | AM26: 2 | AN26: 2 | AO26: =SUM(AJ26:AN26) -> 10 | AP26: =IF(AO26>=8,"Low",IF(AO26>=4,"Moderate",IF(AO26>=0,"Serious","Critical"))) -> Low | AQ26: The reporting is transparent, particularly regarding the trade-offs of the PFLX design, such as its slower recovery curve. The inclusion of a factor analysis (ablation study) ensures that the contribution of each design element is clearly understood. | AR26: 1 | AS26: 0 | AT26: -2 | AU26: 2 | AV26: 0 | AW26: =sum(AR26:AV26) -> 1 | AX26: =IF(AW26>=8,"Low",IF(AW26>=4,"Moderate",IF(AW26>=0,"Serious","Critical"))) -> Serious | AY26: The measurement domain is the weakest area of the study's reporting, primarily due to the absence of statistical variance data (error bars). However, the use of pre-initialization to bypass cache effects demonstrates a good understanding of persistent memory performance measurement. | AZ26: 2 | BA26: 2 | BB26: 2 | BC26: 0 | BD26: 2 | BE26: =sum(AZ26:BD26) -> 8 | BF26: =IF(BE26>=8,"Low",IF(BE26>=4,"Moderate",IF(BE26>=0,"Serious","Critical"))) -> Low | BG26: The reporting is highly consistent with the methodology, showing a complete alignment between the experiments planned and the results delivered. The inclusion of real-world data (OSM) alongside synthetic benchmarks provides a broad and credible performance profile. | BH26: =SUM(I26,Q26,Y26,AG26,AO26,AW26,BE26) -> 53 | BI26: =IF(BH26>=56,"Low",IF(BH26>=35,"Moderate",IF(BH26>=14,"Serious","Critical"))) -> Moderate | BJ26: FALSE
A27: 25 | B27: FINEdex: a fine-grained learned index scheme for scalable and concurrent memory systems | C27: 2022 | D27: 2 | E27: 2 | F27: 1 | G27: 2 | H27: 2 | I27: =SUM(D27:H27) -> 9 | J27: =IF(I27>=8,"Low",IF(I27>=4,"Moderate",IF(I27>=0,"Serious","Critical"))) -> Low | K27: The authors provide a high level of experimental control by detailing the specific hardware environment and using established configurations for all comparative benchmarks. Fairness is prioritized by matching the model counts of baselines to their known optimal settings, though minor details like compiler optimizations are implicit rather than explicitly listed. | L27: 2 | M27: 2 | N27: 0 | O27: 2 | P27: 2 | Q27: =SUM(L27:P27) -> 8 | R27: =IF(Q27>=8,"Low",IF(Q27>=4,"Moderate",IF(Q27>=0,"Serious","Critical"))) -> Low | S27: The evaluation is comprehensive, utilizing a mix of real-world and synthetic data to stress-test the index under multiple mathematical distributions. While highly robust for numeric keys, the study's scope is strictly limited to 8-byte key types, leaving the performance on variable-length or complex strings unaddressed. | T27: 2 | U27: 2 | V27: 2 | W27: 2 | X27: 2 | Y27: =SUM(T27:X27) -> 10 | Z27: =IF(Y27>=8,"Low",IF(Y27>=4,"Moderate",IF(Y27>=0,"Serious","Critical"))) -> Low | AA27: The implementation is transparent and highly detailed, providing both conceptual frameworks and concrete pseudocode for its core components. By releasing the open-source code and using established baselines with their original settings, the authors ensure high reproducibility and minimize implementation bias. | AB27: 2 | AC27: 2 | AD27: 2 | AE27: 0 | AF27: 2 | AG27: =SUM(AB27:AF27) -> 8 | AH27: =IF(AG27>=8,"Low",IF(AG27>=4,"Moderate",IF(AG27>=0,"Serious","Critical"))) -> Low | AI27: Experimental execution is rigorous and well-documented, employing standard benchmarks like YCSB to simulate realistic system demands. The clear specification of thread counts and synchronization mechanisms allows for a precise understanding of how the system handles concurrent operations without data loss. | AJ27: 2 | AK27: 2 | AL27: 2 | AM27: 2 | AN27: 2 | AO27: =SUM(AJ27:AN27) -> 10 | AP27: =IF(AO27>=8,"Low",IF(AO27>=4,"Moderate",IF(AO27>=0,"Serious","Critical"))) -> Low | AQ27: The reporting is transparent and thorough, covering all standard performance metrics and explicitly highlighting the system's weaknesses and failure cases. By documenting performance drops during specific operations, the authors provide a balanced view of the methodology's real-world application. | AR27: 1 | AS27: 0 | AT27: -1 | AU27: 0 | AV27: 0 | AW27: =sum(AR27:AV27) -> 0 | AX27: =IF(AW27>=8,"Low",IF(AW27>=4,"Moderate",IF(AW27>=0,"Serious","Critical"))) -> Serious | AY27: While the hardware and thread configurations are clearly defined, there is a significant lack of information regarding statistical rigour and experimental repeatability. The absence of error bars or mention of warm-up phases makes it difficult to assess the stability of the measurements. | AZ27: 2 | BA27: 2 | BB27: 2 | BC27: 2 | BD27: 2 | BE27: =sum(AZ27:BD27) -> 10 | BF27: =IF(BE27>=8,"Low",IF(BE27>=4,"Moderate",IF(BE27>=0,"Serious","Critical"))) -> Low | BG27: The paper demonstrates high integrity in result selection by reporting outcomes for all tested datasets and acknowledging where competitors perform better. Public access to the source code further mitigates the risk of selective reporting by allowing independent verification of the claims. | BH27: =SUM(I27,Q27,Y27,AG27,AO27,AW27,BE27) -> 55 | BI27: =IF(BH27>=56,"Low",IF(BH27>=35,"Moderate",IF(BH27>=14,"Serious","Critical"))) -> Moderate | BJ27: FALSE
A28: 26 | B28: A Fast Learned Key-Value Store for Concurrent and Distributed Systems | C28: 2023 | D28: 2 | E28: 2 | F28: 1 | G28: 2 | H28: 2 | I28: =SUM(D28:H28) -> 9 | J28: =IF(I28>=8,"Low",IF(I28>=4,"Moderate",IF(I28>=0,"Serious","Critical"))) -> Low | K28: The study demonstrates strong experimental control by using identical hardware and standardized software configurations for all comparative benchmarks. Fairness is maintained by matching the model counts of baselines to their established optimal performance levels found in existing literature. | L28: 2 | M28: 2 | N28: 0 | O28: 2 | P28: 2 | Q28: =SUM(L28:P28) -> 8 | R28: =IF(Q28>=8,"Low",IF(Q28>=4,"Moderate",IF(Q28>=0,"Serious","Critical"))) -> Low | S28: The authors utilized a comprehensive suite of workloads that test the system under various mathematical distributions and real-world data patterns. While the study is highly thorough for numeric data, it lacks evidence of testing for variable-length string characteristics, as it focuses strictly on 8-byte key performance. | T28: 2 | U28: 2 | V28: 2 | W28: 2 | X28: 2 | Y28: =SUM(T28:X28) -> 10 | Z28: =IF(Y28>=8,"Low",IF(Y28>=4,"Moderate",IF(Y28>=0,"Serious","Critical"))) -> Low | AA28: The implementation is highly transparent, providing both conceptual frameworks and concrete pseudocode for its core algorithms. By releasing the open-source code and using established, properly configured baselines, the authors ensure the study is reproducible and minimizes implementation bias. | AB28: 2 | AC28: 2 | AD28: 0 | AE28: 2 | AF28: 2 | AG28: =SUM(AB28:AF28) -> 8 | AH28: =IF(AG28>=8,"Low",IF(AG28>=4,"Moderate",IF(AG28>=0,"Serious","Critical"))) -> Low | AI28: The experimental execution is rigorous, employing standardised benchmarks and clearly specified thread and synchronization parameters to test concurrent performance. The only minor gap is the lack of failure recovery testing, as the durability features were disabled during the performance measurement phase. | AJ28: 2 | AK28: 2 | AL28: 2 | AM28: 2 | AN28: 2 | AO28: =SUM(AJ28:AN28) -> 10 | AP28: =IF(AO28>=8,"Low",IF(AO28>=4,"Moderate",IF(AO28>=0,"Serious","Critical"))) -> Low | AQ28: The paper demonstrates transparent reporting by including all relevant performance and resource metrics. It maintains integrity by documenting and explaining failure cases or performance regressions, such as the overhead of initial bin allocation or the impact of growing data structures on search speed. | AR28: 1 | AS28: 0 | AT28: -1 | AU28: 0 | AV28: 0 | AW28: =sum(AR28:AV28) -> 0 | AX28: =IF(AW28>=8,"Low",IF(AW28>=4,"Moderate",IF(AW28>=0,"Serious","Critical"))) -> Serious | AY28: While the physical testing environment is well-defined, there is a significant lack of statistical rigour in the presentation of data. The absence of error bars and details regarding experimental repeats or warm-up phases makes it difficult to assess the stability and reliability of the performance measurements. | AZ28: 2 | BA28: 2 | BB28: 2 | BC28: 2 | BD28: 2 | BE28: =sum(AZ28:BD28) -> 10 | BF28: =IF(BE28>=8,"Low",IF(BE28>=4,"Moderate",IF(BE28>=0,"Serious","Critical"))) -> Low | BG28: The paper exhibits high integrity in result selection, providing a complete set of data for all mentioned benchmarks and admitting where the system lacks a competitive edge. The public availability of the source code further mitigates risks of cherry-picking or p-hacking. | BH28: =SUM(I28,Q28,Y28,AG28,AO28,AW28,BE28) -> 55 | BI28: =IF(BH28>=56,"Low",IF(BH28>=35,"Moderate",IF(BH28>=14,"Serious","Critical"))) -> Moderate | BJ28: FALSE
A29: 27 | B29: DILI: A distribution-driven learned index | C29: 2023 | D29: 2 | E29: 2 | F29: 2 | G29: 2 | H29: 2 | I29: =SUM(D29:H29) -> 10 | J29: =IF(I29>=8,"Low",IF(I29>=4,"Moderate",IF(I29>=0,"Serious","Critical"))) -> Low | K29: The researchers maintained high experimental control by using standardized hardware and open-source implementations for all competitors. They mitigated confounding bias by performing sensitivity analyses on baseline hyperparameters and explicitly measuring hardware-level metrics like cache misses. | L29: 2 | M29: 2 | N29: 0 | O29: 2 | P29: 2 | Q29: =SUM(L29:P29) -> 8 | R29: =IF(Q29>=8,"Low",IF(Q29>=4,"Moderate",IF(Q29>=0,"Serious","Critical"))) -> Low | S29: The authors avoid selection bias by employing the standard SOSD benchmark and supplementing it with a synthetic log-normal distribution to test edge cases. The evaluation is robust, spanning various real-world data types and multiple operational workloads including dynamic updates and deletions. | T29: 2 | U29: 2 | V29: 2 | W29: 2 | X29: 2 | Y29: =SUM(T29:X29) -> 10 | Z29: =IF(Y29>=8,"Low",IF(Y29>=4,"Moderate",IF(Y29>=0,"Serious","Critical"))) -> Low | AA29: The implementation is meticulously documented through multiple algorithms and formal definitions of the linear regression models. Transparency is high because the source code is publicly available, and the researchers utilized well-regarded baseline implementations for a fair comparison. | AB29: 2 | AC29: 2 | AD29: 0 | AE29: 0 | AF29: 2 | AG29: =SUM(AB29:AF29) -> 6 | AH29: =IF(AG29>=8,"Low",IF(AG29>=4,"Moderate",IF(AG29>=0,"Serious","Critical"))) -> Moderate | AI29: The experiments are executed consistently with the methodology, employing a wide variety of realistic workloads and real-world datasets like OSM and WikiTS. While concurrency and crash recovery are not addressed, the paper is transparent about its single-threaded, in-memory scope. | AJ29: 2 | AK29: 2 | AL29: 2 | AM29: 2 | AN29: 2 | AO29: =SUM(AJ29:AN29) -> 10 | AP29: =IF(AO29>=8,"Low",IF(AO29>=4,"Moderate",IF(AO29>=0,"Serious","Critical"))) -> Low | AQ29: The paper provides a complete performance profile, reporting on speed, memory, and build times across multiple real-world datasets. It is transparent about limitations, specifically identifying where DILI is less efficient (memory) or currently lacks features (concurrency). | AR29: 1 | AS29: 2 | AT29: -1 | AU29: 0 | AV29: 0 | AW29: =sum(AR29:AV29) -> 2 | AX29: =IF(AW29>=8,"Low",IF(AW29>=4,"Moderate",IF(AW29>=0,"Serious","Critical"))) -> Serious | AY29: Experimental variability is addressed by averaging results over multiple runs, and hardware specs are well-documented. However, the lack of statistical variance reporting (error bars) and the absence of explicit details regarding warm-up periods present some ambiguity in the measurement process. | AZ29: 2 | BA29: 2 | BB29: 2 | BC29: 2 | BD29: 2 | BE29: =sum(AZ29:BD29) -> 10 | BF29: =IF(BE29>=8,"Low",IF(BE29>=4,"Moderate",IF(BE29>=0,"Serious","Critical"))) -> Low | BG29: The paper exhibits high integrity in reporting by releasing its full source code and evaluating its method on all datasets mentioned in the setup. It avoids cherry-picking by highlighting trade-offs, such as DILI's higher memory footprint compared to traditional and other learned indexes. | BH29: =SUM(I29,Q29,Y29,AG29,AO29,AW29,BE29) -> 56 | BI29: =IF(BH29>=56,"Low",IF(BH29>=35,"Moderate",IF(BH29>=14,"Serious","Critical"))) -> Low | BJ29: FALSE
A30: 28 | B30: ALEX: An Updatable Adaptive Learned Index | C30: 2020 (Published June 11, 2020). | D30: 2 | E30: 2 | F30: 1 | G30: 2 | H30: 2 | I30: =SUM(D30:H30) -> 9 | J30: =IF(I30>=8,"Low",IF(I30>=4,"Moderate",IF(I30>=0,"Serious","Critical"))) -> Low | K30: The paper exhibits high experimental rigor by employing a consistent hardware environment and ensuring that all baseline methods were tuned to their peak performance via grid search. Furthermore, the characteristics of the datasets used are thoroughly documented through both statistical tables and distribution visualizations. | L30: 2 | M30: 2 | N30: 0 | O30: 2 | P30: 2 | Q30: =SUM(L30:P30) -> 8 | R30: =IF(Q30>=8,"Low",IF(Q30>=4,"Moderate",IF(Q30>=0,"Serious","Critical"))) -> Low | S30: The authors utilized a robust suite of datasets that span real-world and synthetic origins, ensuring the index was tested against diverse cumulative distribution functions. The inclusion of various read-write workload ratios and skewed access patterns further demonstrates a comprehensive and unbiased evaluation strategy. | T30: 2 | U30: 2 | V30: 2 | W30: 2 | X30: 2 | Y30: =SUM(T30:X30) -> 10 | Z30: =IF(Y30>=8,"Low",IF(Y30>=4,"Moderate",IF(Y30>=0,"Serious","Critical"))) -> Low | AA30: The implementation of ALEX is transparently documented with pseudocode and architectural diagrams, and the public availability of the source code ensures high reproducibility. By using established libraries for baselines and performing ablation studies to isolate the benefits of specific design choices, the authors minimize implementation bias. | AB30: 2 | AC30: 2 | AD30: 0 | AE30: 2 | AF30: 2 | AG30: =SUM(AB30:AF30) -> 8 | AH30: =IF(AG30>=8,"Low",IF(AG30>=4,"Moderate",IF(AG30>=0,"Serious","Critical"))) -> Low | AI30: The experimental execution is highly transparent, with clear alignment between the proposed adaptive mechanisms and the reported performance metrics. By utilizing established benchmarks like YCSB and varying read-write ratios, the authors demonstrate the index's performance across diverse, realistic scenarios. | AJ30: 2 | AK30: 2 | AL30: 2 | AM30: 2 | AN30: 2 | AO30: =SUM(AJ30:AN30) -> 10 | AP30: =IF(AO30>=8,"Low",IF(AO30>=4,"Moderate",IF(AO30>=0,"Serious","Critical"))) -> Low | AQ30: The paper provides a balanced view of ALEX’s performance, including honest reporting of cases where traditional structures or the original Learned Index remain competitive. The inclusion of diverse metrics—from memory footprint to tail latency—ensures a multi-dimensional understanding of the system's trade-offs. | AR30: 1 | AS30: 0 | AT30: -2 | AU30: 1 | AV30: 1 | AW30: =sum(AR30:AV30) -> 1 | AX30: =IF(AW30>=8,"Low",IF(AW30>=4,"Moderate",IF(AW30>=0,"Serious","Critical"))) -> Serious | AY30: While the measurement environment and duration are well-defined, the absence of statistical variance reporting (like error bars) is a notable omission. However, the use of large datasets (100M+ keys) and 60-second trial durations likely helps to stabilize the reported throughput averages. | AZ30: 2 | BA30: 2 | BB30: 2 | BC30: 2 | BD30: 2 | BE30: =sum(AZ30:BD30) -> 10 | BF30: =IF(BE30>=8,"Low",IF(BE30>=4,"Moderate",IF(BE30>=0,"Serious","Critical"))) -> Low | BG30: The authors demonstrate a commitment to reproducibility and transparency by providing public access to their code and testing against widely used datasets. The inclusion of unfavorable results for specific range-query lengths further reinforces the lack of selection bias in their reporting. | BH30: =SUM(I30,Q30,Y30,AG30,AO30,AW30,BE30) -> 56 | BI30: =IF(BH30>=56,"Low",IF(BH30>=35,"Moderate",IF(BH30>=14,"Serious","Critical"))) -> Low | BJ30: FALSE
A31: 29 | B31: Sig2Model: A Boosting-Driven Model for Updatable Learned Indexes | C31: 2025 (arXiv submission date: September 25, 2025). | D31: 2 | E31: 2 | F31: 1 | G31: 2 | H31: 2 | I31: =SUM(D31:H31) -> 9 | J31: =IF(I31>=8,"Low",IF(I31>=4,"Moderate",IF(I31>=0,"Serious","Critical"))) -> Low | K31: The researchers maintain high experimental integrity by using a well-defined hardware environment and standardized benchmark datasets. Baseline fairness is established by utilizing official implementations and conducting a detailed sensitivity analysis to ensure the proposed model is optimally configured. | L31: 1 | M31: 2 | N31: 0 | O31: 2 | P31: 2 | Q31: =SUM(L31:P31) -> 7 | R31: =IF(Q31>=8,"Low",IF(Q31>=4,"Moderate",IF(Q31>=0,"Serious","Critical"))) -> Moderate | S31: The study demonstrates a robust evaluation by testing against diverse, industry-standard real-world and synthetic datasets. The use of the entire YCSB benchmark suite suggests a transparent and comprehensive assessment of the model's capabilities. | T31: 2 | U31: 1 | V31: 2 | W31: 2 | X31: 2 | Y31: =SUM(T31:X31) -> 9 | Z31: =IF(Y31>=8,"Low",IF(Y31>=4,"Moderate",IF(Y31>=0,"Serious","Critical"))) -> Low | AA31: Implementation bias is minimized through rigorous architectural descriptions and the inclusion of pseudocode for core operations. The use of an ablation study further confirms that each component of the neural joint optimization framework functions as intended. | AB31: 2 | AC31: 2 | AD31: 2 | AE31: 0 | AF31: 2 | AG31: =SUM(AB31:AF31) -> 8 | AH31: =IF(AG31>=8,"Low",IF(AG31>=4,"Moderate",IF(AG31>=0,"Serious","Critical"))) -> Low | AI31: The paper provides exceptional detail regarding workload composition, hardware environments, and thread interactions. However, it lacks any discussion or testing regarding system reliability or crash recovery, which are standard for "realistic" database indexing claims. | AJ31: 2 | AK31: 2 | AL31: 2 | AM31: 2 | AN31: 2 | AO31: =SUM(AJ31:AN31) -> 10 | AP31: =IF(AO31>=8,"Low",IF(AO31>=4,"Moderate",IF(AO31>=0,"Serious","Critical"))) -> Low | AQ31: Reporting is comprehensive and includes an honest appraisal of the system's performance boundaries. The inclusion of a specific limitations section and the discussion of threading overhead demonstrate a commitment to transparency. | AR31: 1 | AS31: 2 | AT31: -1 | AU31: 0 | AV31: 1 | AW31: =sum(AR31:AV31) -> 3 | AX31: =IF(AW31>=8,"Low",IF(AW31>=4,"Moderate",IF(AW31>=0,"Serious","Critical"))) -> Serious | AY31: While the paper uses repeated runs and quantifies internal model overhead, it lacks standard statistical reporting like error bars in its primary charts. The absence of information regarding cache warm-up is a minor concern for in-memory index evaluation. | AZ31: 2 | BA31: 2 | BB31: 2 | BC31: 1 | BD31: 2 | BE31: =sum(AZ31:BD31) -> 9 | BF31: =IF(BE31>=8,"Low",IF(BE31>=4,"Moderate",IF(BE31>=0,"Serious","Critical"))) -> Low | BG31: The selection of results is balanced and follows the experimental plan outlined in the introduction. The use of standard benchmarks like YCSB across all datasets further reduces the risk of selective reporting bias. | BH31: =SUM(I31,Q31,Y31,AG31,AO31,AW31,BE31) -> 55 | BI31: =IF(BH31>=56,"Low",IF(BH31>=35,"Moderate",IF(BH31>=14,"Serious","Critical"))) -> Moderate | BJ31: FALSE
A32: 30 | B32: SWIX: A memory-efficient sliding window learned index | C32: 2024 | D32: 2 | E32: 2 | F32: 1 | G32: 2 | H32: 2 | I32: =SUM(D32:H32) -> 9 | J32: =IF(I32>=8,"Low",IF(I32>=4,"Moderate",IF(I32>=0,"Serious","Critical"))) -> Low | K32: The authors maintained high experimental control by using standardized hardware and a consistent compiler environment. They ensured baseline fairness by performing extensive parameter tuning for competitors and implementing necessary secondary structures to adapt non-streaming indexes to the required workload. | L32: 2 | M32: 2 | N32: 0 | O32: 2 | P32: 2 | Q32: =SUM(L32:P32) -> 8 | R32: =IF(Q32>=8,"Low",IF(Q32>=4,"Moderate",IF(Q32>=0,"Serious","Critical"))) -> Low | S32: The researchers utilized a diverse array of standard synthetic and real-world datasets to ensure broad applicability of the results. The inclusion of varying read-to-write ratios and arrival/departure rates further demonstrates a commitment to testing the system under comprehensive, non-selective workload conditions. | T32: 2 | U32: 2 | V32: 2 | W32: 2 | X32: 2 | Y32: =SUM(T32:X32) -> 10 | Z32: =IF(Y32>=8,"Low",IF(Y32>=4,"Moderate",IF(Y32>=0,"Serious","Critical"))) -> Low | AA32: The sources provide extensive architectural details for SWIX, including a flat two-layer structure, the SWarray base structure, and specific algorithms for bulk-loading and retraining. The authors include a public GitHub link for the source code and utilize reputable baselines like ALEX, PGM-Index, and IMTree, which were properly optimized via parameter sweeps for fair comparison. Furthermore, detailed analytical cost models and auto-tuning heuristics demonstrate a high level of transparency regarding the model's internal mechanics. | AB32: 2 | AC32: 2 | AD32: 2 | AE32: 0 | AF32: 2 | AG32: =SUM(AB32:AF32) -> 8 | AH32: =IF(AG32>=8,"Low",IF(AG32>=4,"Moderate",IF(AG32>=0,"Serious","Critical"))) -> Low | AI32: The experiments rigorously follow the methodology by testing SWIX against various streaming characteristics, including window lengths, scan ranges, and arrival rates. Parallel SWIX is clearly detailed with specific synchronization mechanisms for meta updates and retraining across worker threads. While workload parameters like Read-to-Write ratios and skewed timestamps are explicitly defined, the paper does not claim to support crash consistency, making failure scenario testing not applicable to this specific research scope. | AJ32: 2 | AK32: 2 | AL32: 2 | AM32: 2 | AN32: 2 | AO32: =SUM(AJ32:AN32) -> 10 | AP32: =IF(AO32>=8,"Low",IF(AO32>=4,"Moderate",IF(AO32>=0,"Serious","Critical"))) -> Low | AQ32: The sources provide comprehensive performance metrics, including latency, memory footprint, and throughput across varying workloads. The authors are transparent about failure cases, explicitly noting that SWIX is less effective than specialized indexes for purely ordered data and struggles with highly non-linear datasets like OSM. Furthermore, they explain unexpected behaviors, such as why memory overhead increases during shorter-range scans due to the limitations of implicit deletion. | AR32: 2 | AS32: 1 | AT32: 1 | AU32: 0 | AV32: 2 | AW32: =sum(AR32:AV32) -> 6 | AX32: =IF(AW32>=8,"Low",IF(AW32>=4,"Moderate",IF(AW32>=0,"Serious","Critical"))) -> Moderate | AY32: The paper utilizes the Read Time-Stamp Counter (RDTSC) for high-precision timing and explicitly quantifies its overhead as less than 5%. While the authors report both average and maximum values to illustrate performance variance, they do not explicitly mention the use of warm-up periods or standard statistical confidence intervals in their charts. | AZ32: 2 | BA32: 2 | BB32: 2 | BC32: 2 | BD32: 2 | BE32: =sum(AZ32:BD32) -> 10 | BF32: =IF(BE32>=8,"Low",IF(BE32>=4,"Moderate",IF(BE32>=0,"Serious","Critical"))) -> Low | BG32: The research displays high integrity by reporting results for all synthetic and real-world datasets mentioned in the methodology, including those where SWIX underperforms compared to baselines like IMTree or FLIRT. Reproducibility is a core strength, as the paper provides a public GitHub link and carries official ACM Artifacts Evaluated & Reusable badges. | BH32: =SUM(I32,Q32,Y32,AG32,AO32,AW32,BE32) -> 61 | BI32: =IF(BH32>=56,"Low",IF(BH32>=35,"Moderate",IF(BH32>=14,"Serious","Critical"))) -> Low | BJ32: FALSE
A33: 31 | B33: G-Learned Index: Enabling Efficient Learned Index on GPU. | C33: 2024 (Published in June 2024; date of publication April 2, 2024). | D33: 2 | E33: 2 | F33: 1 | G33: 2 | H33: 1 | I33: =SUM(D33:H33) -> 8 | J33: =IF(I33>=8,"Low",IF(I33>=4,"Moderate",IF(I33>=0,"Serious","Critical"))) -> Low | K33: The study ensures a high level of fairness by utilizing standardized baseline methods and providing precise hardware specifications. It further reduces confounding bias by implementing a parallel version of the PGM-index for a more equitable comparison against the GPU-based G-Learned Index. | L33: 2 | M33: 2 | N33: 1 | O33: 2 | P33: 2 | Q33: =SUM(L33:P33) -> 9 | R33: =IF(Q33>=8,"Low",IF(Q33>=4,"Moderate",IF(Q33>=0,"Serious","Critical"))) -> Low | S33: Dataset selection is well-justified through the use of the SOSD benchmark, ensuring that the results are applicable across varied data distributions and real-world scenarios. The inclusion of both numeric and string datasets, as well as synthetic and real-world traces, demonstrates a comprehensive and balanced evaluation workload. | T33: 2 | U33: 2 | V33: 2 | W33: 2 | X33: 2 | Y33: =SUM(T33:X33) -> 10 | Z33: =IF(Y33>=8,"Low",IF(Y33>=4,"Moderate",IF(Y33>=0,"Serious","Critical"))) -> Low | AA33: The implementation is highly transparent, featuring publicly available source code and clear pseudocode for core operations. By using reputable baselines and detailing the adaptive parameter tuning process, the authors ensure the methodology is reproducible and robust. | AB33: 2 | AC33: 2 | AD33: 2 | AE33: 0 | AF33: 2 | AG33: =SUM(AB33:AF33) -> 8 | AH33: =IF(AG33>=8,"Low",IF(AG33>=4,"Moderate",IF(AG33>=0,"Serious","Critical"))) -> Low | AI33: The experimental execution is well-documented, specifically regarding GPU thread organization and batch granularity. Furthermore, the inclusion of realistic dynamic update patterns and varying workload selectivities provides a comprehensive evaluation of the index's performance. | AJ33: 2 | AK33: 2 | AL33: 2 | AM33: 2 | AN33: 2 | AO33: =SUM(AJ33:AN33) -> 10 | AP33: =IF(AO33>=8,"Low",IF(AO33>=4,"Moderate",IF(AO33>=0,"Serious","Critical"))) -> Low | AQ33: The paper provides a highly transparent and comprehensive report of performance across multiple dimensions including time, space, and build efficiency. Furthermore, the authors include an explicit discussion of limitations and explain performance plateaus encountered during testing. | AR33: 2 | AS33: 1 | AT33: 0 | AU33: 1 | AV33: 2 | AW33: =sum(AR33:AV33) -> 6 | AX33: =IF(AW33>=8,"Low",IF(AW33>=4,"Moderate",IF(AW33>=0,"Serious","Critical"))) -> Moderate | AY33: The methodology for timing is robust, specifically accounting for hardware-level factors like CUDA synchronization and PCIe transfer overhead. However, the reporting lacks formal statistical variance data, such as error bars or explicit repetition counts, to fully confirm measurement stability. | AZ33: 2 | BA33: 2 | BB33: 2 | BC33: 2 | BD33: 2 | BE33: =sum(AZ33:BD33) -> 10 | BF33: =IF(BE33>=8,"Low",IF(BE33>=4,"Moderate",IF(BE33>=0,"Serious","Critical"))) -> Low | BG33: The evaluation is exhaustive, covering all datasets and configurations promised in the methodology while providing public access to the implementation for verification. The authors present a balanced view of the system's performance, documenting both its significant speedups and its operational trade-offs. | BH33: =SUM(I33,Q33,Y33,AG33,AO33,AW33,BE33) -> 61 | BI33: =IF(BH33>=56,"Low",IF(BH33>=35,"Moderate",IF(BH33>=14,"Serious","Critical"))) -> Low | BJ33: FALSE
A34: 32 | B34: A Data-aware Learned Index Scheme for Efficient Writes | C34: 2022 (Published August 29, 2022) | D34: 2 | E34: 2 | F34: 0 | G34: 2 | H34: 1 | I34: =SUM(D34:H34) -> 7 | J34: =IF(I34>=8,"Low",IF(I34>=4,"Moderate",IF(I34>=0,"Serious","Critical"))) -> Moderate | K34: The paper provides high transparency regarding hardware specifications and the specific versions of baseline software libraries used. It offers detailed descriptions of dataset sizes and key types, though it lacks explicit reporting on compiler optimizations and cache control. | L34: 1 | M34: 2 | N34: 0 | O34: 2 | P34: 2 | Q34: =SUM(L34:P34) -> 7 | R34: =IF(Q34>=8,"Low",IF(Q34>=4,"Moderate",IF(Q34>=0,"Serious","Critical"))) -> Moderate | S34: The researchers utilized a diverse mix of real-world and synthetic datasets to validate their index scheme across various distribution types. The inclusion of results showing EWALI's performance trade-offs (e.g., higher latency in specific range queries) suggests a balanced and honest presentation of data. | T34: 2 | U34: 0 | V34: 2 | W34: 2 | X34: 1 | Y34: =SUM(T34:X34) -> 7 | Z34: =IF(Y34>=8,"Low",IF(Y34>=4,"Moderate",IF(Y34>=0,"Serious","Critical"))) -> Moderate | AA34: The implementation is described with high technical transparency through comprehensive pseudocode and specific model configurations. However, the lack of a public source code repository for EWALI limits its immediate reproducibility for external verification. | AB34: 2 | AC34: 2 | AD34: 2 | AE34: 0 | AF34: 2 | AG34: =SUM(AB34:AF34) -> 8 | AH34: =IF(AG34>=8,"Low",IF(AG34>=4,"Moderate",IF(AG34>=0,"Serious","Critical"))) -> Low | AI34: The experiments use standard industry benchmarks (YCSB) and provide clear specifications for thread usage and workload distribution. The primary limitation is the omission of crash-consistency testing, despite the authors highlighting persistence as a potential benefit of their architecture. | AJ34: 2 | AK34: 2 | AL34: 2 | AM34: 2 | AN34: 2 | AO34: =SUM(AJ34:AN34) -> 10 | AP34: =IF(AO34>=8,"Low",IF(AO34>=4,"Moderate",IF(AO34>=0,"Serious","Critical"))) -> Low | AQ34: The paper is highly transparent, providing a complete set of performance metrics across all promised datasets and workloads. It does not hide unfavorable results, clearly explaining the specific scenarios where the proposed method is less efficient than existing baselines. | AR34: 0 | AS34: 0 | AT34: 2 | AU34: 0 | AV34: 0 | AW34: =sum(AR34:AV34) -> 2 | AX34: =IF(AW34>=8,"Low",IF(AW34>=4,"Moderate",IF(AW34>=0,"Serious","Critical"))) -> Serious | AY34: The experimental execution lacks statistical depth, as there is no mention of repeated trials or warm-up periods. The absence of error bars in the figures is a significant concern, making it impossible to determine if the reported performance gains are statistically stable. | AZ34: 2 | BA34: 2 | BB34: 2 | BC34: 1 | BD34: 2 | BE34: =sum(AZ34:BD34) -> 9 | BF34: =IF(BE34>=8,"Low",IF(BE34>=4,"Moderate",IF(BE34>=0,"Serious","Critical"))) -> Low | BG34: The researchers demonstrate a balanced reporting style by showing exactly where their method succeeds and where it fails compared to others. While the lack of source code is a hurdle for reproduction, the inclusion of all promised datasets and the use of public benchmarks reduces the risk of selective reporting. | BH34: =SUM(I34,Q34,Y34,AG34,AO34,AW34,BE34) -> 50 | BI34: =IF(BH34>=56,"Low",IF(BH34>=35,"Moderate",IF(BH34>=14,"Serious","Critical"))) -> Moderate | BJ34: FALSE
A35: 33 | B35: COLIN: A cache-conscious dynamic learned index with high read/write performance | D35: 2 | E35: 2 | F35: 1 | G35: 2 | H35: 2 | I35: =SUM(D35:H35) -> 9 | J35: =IF(I35>=8,"Low",IF(I35>=4,"Moderate",IF(I35>=0,"Serious","Critical"))) -> Low | K35: The study maintains a high standard of experimental control by using a consistent hardware/software environment and fairly tuned baseline implementations. Dataset characteristics are thoroughly documented, and the inclusion of a pre-warming phase suggests an active effort to mitigate caching bias. | L35: 1 | M35: 2 | N35: 0 | O35: 2 | P35: 2 | Q35: =SUM(L35:P35) -> 7 | R35: =IF(Q35>=8,"Low",IF(Q35>=4,"Moderate",IF(Q35>=0,"Serious","Critical"))) -> Moderate | S35: The research utilizes a balanced mix of synthetic and real-world data to capture a wide range of data distributions. By testing against standardized YCSB workloads, the paper demonstrates that COLIN’s performance gains are consistent across diverse scenarios rather than limited to a narrow, optimized case. | T35: 2 | U35: 0 | V35: 2 | W35: 2 | X35: 1 | Y35: =SUM(T35:X35) -> 7 | Z35: =IF(Y35>=8,"Low",IF(Y35>=4,"Moderate",IF(Y35>=0,"Serious","Critical"))) -> Moderate | AA35: COLIN's design is exceptionally well-documented through structural explanations and comprehensive pseudocode for every major index operation. While the study relies on highly reputable baseline implementations for a fair comparison, the lack of a direct link to the COLIN source code slightly limits the ability to verify the implementation independently. | AB35: 2 | AC35: 2 | AD35: 0 | AE35: 0 | AF35: 2 | AG35: =SUM(AB35:AF35) -> 6 | AH35: =IF(AG35>=8,"Low",IF(AG35>=4,"Moderate",IF(AG35>=0,"Serious","Critical"))) -> Moderate | AI35: The experimental execution is highly transparent, utilizing well-established benchmarking standards (YCSB) with clearly defined parameters. The methodology and results are perfectly aligned, though the scope is limited to single-threaded performance. | AJ35: 2 | AK35: 1 | AL35: 2 | AM35: 2 | AN35: 2 | AO35: =SUM(AJ35:AN35) -> 9 | AP35: =IF(AO35>=8,"Low",IF(AO35>=4,"Moderate",IF(AO35>=0,"Serious","Critical"))) -> Low | AQ35: The reporting is comprehensive, covering all standard performance dimensions. The authors do not hide the fact that certain data distributions (Lognormal) result in lower performance, and they provide substantive explanations for the behaviors observed in both their own index and the baselines. | AR35: 1 | AS35: 0 | AT35: -2 | AU35: 2 | AV35: 0 | AW35: =sum(AR35:AV35) -> 1 | AX35: =IF(AW35>=8,"Low",IF(AW35>=4,"Moderate",IF(AW35>=0,"Serious","Critical"))) -> Serious | AY35: The primary concern in this domain is the lack of reported statistical variance (error bars), which makes it difficult to assess the stability of the results. However, the use of a significant pre-warming phase is a strong positive practice for in-memory index evaluation. | AZ35: 2 | BA35: 2 | BB35: 2 | BC35: -2 | BD35: 2 | BE35: =sum(AZ35:BD35) -> 6 | BF35: =IF(BE35>=8,"Low",IF(BE35>=4,"Moderate",IF(BE35>=0,"Serious","Critical"))) -> Moderate | BG35: The paper is internally consistent and provides a balanced view of performance across various conditions. The absence of the source code is the most significant drawback for reproducibility, although the detailed algorithms provided in the text partially mitigate this for experienced implementers. | BH35: =SUM(I35,Q35,Y35,AG35,AO35,AW35,BE35) -> 45 | BI35: =IF(BH35>=56,"Low",IF(BH35>=35,"Moderate",IF(BH35>=14,"Serious","Critical"))) -> Moderate | BJ35: FALSE
A36: 34 | B36: RadixSpline: A single-pass learned index | C36: 2020 | D36: 2 | E36: 2 | F36: 1 | G36: 2 | H36: 2 | I36: =SUM(D36:H36) -> 9 | J36: =IF(I36>=8,"Low",IF(I36>=4,"Moderate",IF(I36>=0,"Serious","Critical"))) -> Low | K36: The researchers utilized the standardized SOSD benchmark to maintain experimental rigor and provided clear specifications for the hardware and baseline configurations. By tuning both the proposed and existing learned models for the same goal (latency), they minimized bias in comparative performance. | L36: 2 | M36: 2 | N36: 0 | O36: 2 | P36: 2 | Q36: =SUM(L36:P36) -> 8 | R36: =IF(Q36>=8,"Low",IF(Q36>=4,"Moderate",IF(Q36>=0,"Serious","Critical"))) -> Low | S36: The study avoids selection bias by employing a comprehensive benchmark suite that covers various real-world data distributions. Furthermore, the authors demonstrate transparency by analyzing and addressing cases where the model's performance was not initially optimal. | T36: 2 | U36: 1 | V36: 2 | W36: 2 | X36: 2 | Y36: =SUM(T36:X36) -> 9 | Z36: =IF(Y36>=8,"Low",IF(Y36>=4,"Moderate",IF(Y36>=0,"Serious","Critical"))) -> Low | AA36: The implementation of RadixSpline is documented with mathematical precision, focusing on its two core parameters: spline error and radix table size. The inclusion of a practical LSM-tree integration test provides strong evidence that the implementation functions as intended in a production-like environment. | AB36: 2 | AC36: 0 | AD36: 0 | AE36: 0 | AF36: 2 | AG36: =SUM(AB36:AF36) -> 4 | AH36: =IF(AG36>=8,"Low",IF(AG36>=4,"Moderate",IF(AG36>=0,"Serious","Critical"))) -> Moderate | AI36: The experimental execution aligns perfectly with the paper's stated scope of being a static, single-pass index. Because the authors do not claim support for dynamic updates or concurrency, those potential sources of bias are not applicable to this specific architecture. | AJ36: 2 | AK36: 2 | AL36: 2 | AM36: 2 | AN36: 2 | AO36: =SUM(AJ36:AN36) -> 10 | AP36: =IF(AO36>=8,"Low",IF(AO36>=4,"Moderate",IF(AO36>=0,"Serious","Critical"))) -> Low | AQ36: The paper demonstrates high transparency by reporting all primary performance dimensions and investigating anomalous results rather than omitting them. The explicit discussion of failure modes, such as data skew, further reduces the risk of reporting bias. | AR36: 1 | AS36: 1 | AT36: -1 | AU36: 0 | AV36: 1 | AW36: =sum(AR36:AV36) -> 2 | AX36: =IF(AW36>=8,"Low",IF(AW36>=4,"Moderate",IF(AW36>=0,"Serious","Critical"))) -> Serious | AY36: While the benchmarks use a massive number of operations (10M lookups) to ensure average performance is representative, the lack of reported variance (error bars) and specific details on warm-up phases introduces a minor risk of measurement bias. | AZ36: 2 | BA36: 2 | BB36: 2 | BC36: 1 | BD36: 2 | BE36: =sum(AZ36:BD36) -> 9 | BF36: =IF(BE36>=8,"Low",IF(BE36>=4,"Moderate",IF(BE36>=0,"Serious","Critical"))) -> Low | BG36: The paper provides a balanced view of RadixSpline’s performance by including diverse datasets and comparing it against multiple state-of-the-art baselines. The clear explanation for missing data points (e.g., duplicates in ART) indicates a lack of selective reporting. | BH36: =SUM(I36,Q36,Y36,AG36,AO36,AW36,BE36) -> 51 | BI36: =IF(BH36>=56,"Low",IF(BH36>=35,"Moderate",IF(BH36>=14,"Serious","Critical"))) -> Moderate | BJ36: FALSE
A37: 35 | B37: APEX: A High-Performance Learned Index on Persistent Memory | C37: 2021 (arXiv version date: Dec 6, 2021); the conference version appeared in 2022. | D37: 2 | E37: 2 | F37: 1 | G37: 2 | H37: 2 | I37: =SUM(D37:H37) -> 9 | J37: =IF(I37>=8,"Low",IF(I37>=4,"Moderate",IF(I37>=0,"Serious","Critical"))) -> Low | K37: The researchers established a consistent experimental environment by providing detailed hardware specs, OS versions, and compiler settings. They ensured baseline fairness by modifying existing code to support PMDK, allowing all indexes to operate under the same persistence constraints. Dataset characteristics and hyperparameters are well-documented, supporting the reproducibility of the baseline comparisons. | L37: 2 | M37: 2 | N37: 0 | O37: 2 | P37: 2 | Q37: =SUM(L37:P37) -> 8 | R37: =IF(Q37>=8,"Low",IF(Q37>=4,"Moderate",IF(Q37>=0,"Serious","Critical"))) -> Low | S37: The study employs a comprehensive suite of datasets ranging from synthetic distributions to complex, real-world workloads like TPC-E. The authors avoided cherry-picking by explicitly reporting "worst-case" results where the model-based approach struggles with non-linear data. The selection covers a wide spectrum of data distributions, ensuring the index's robustness is tested against various data patterns. | T37: 2 | U37: 2 | V37: 2 | W37: 2 | X37: 2 | Y37: =SUM(T37:X37) -> 10 | Z37: =IF(Y37>=8,"Low",IF(Y37>=4,"Moderate",IF(Y37>=0,"Serious","Critical"))) -> Low | AA37: The implementation is thoroughly documented with algorithmic details and architectural diagrams that match the experimental evaluation. By providing the full source code and refining baseline implementations for a fair comparison, the authors minimize implementation bias and ensure reproducibility. | AB37: 2 | AC37: 2 | AD37: 2 | AE37: 2 | AF37: 2 | AG37: =SUM(AB37:AF37) -> 10 | AH37: =IF(AG37>=8,"Low",IF(AG37>=4,"Moderate",IF(AG37>=0,"Serious","Critical"))) -> Low | AI37: Experimental execution is robust, utilizing standard benchmarks (TPC-E, YCSB) and clear operational mixes to test the index's dynamic capabilities. The inclusion of real-world crash emulation and thread-scaling tests up to the hardware's hyperthreading limit provides high confidence in the reported performance and reliability. | AJ37: 2 | AK37: 2 | AL37: 2 | AM37: 2 | AN37: 2 | AO37: =SUM(AJ37:AN37) -> 10 | AP37: =IF(AO37>=8,"Low",IF(AO37>=4,"Moderate",IF(AO37>=0,"Serious","Critical"))) -> Low | AQ37: The reporting is highly transparent, providing a multidimensional view of performance that includes both strengths and weaknesses. By detailing "worst-case" scenarios and technical limitations like key-type restrictions, the authors avoid the bias of incomplete or overly optimistic reporting. | AR37: 1 | AS37: 1 | AT37: -1 | AU37: 2 | AV37: 2 | AW37: =sum(AR37:AV37) -> 5 | AX37: =IF(AW37>=8,"Low",IF(AW37>=4,"Moderate",IF(AW37>=0,"Serious","Critical"))) -> Moderate | AY37: The experimental execution follows rigorous standards regarding environment control and overhead quantification. However, the lack of reported statistical variance (like error bars) is a notable omission that prevents a full assessment of the results' stability across multiple trials. | AZ37: 2 | BA37: 2 | BB37: 2 | BC37: 2 | BD37: 2 | BE37: =sum(AZ37:BD37) -> 10 | BF37: =IF(BE37>=8,"Low",IF(BE37>=4,"Moderate",IF(BE37>=0,"Serious","Critical"))) -> Low | BG37: There is strong evidence of reporting integrity, as the authors include all promised datasets and explicitly show cases where their method fails to beat the competition. The public release of the source code further validates that the reported results are reproducible and not the result of selective data trimming. | BH37: =SUM(I37,Q37,Y37,AG37,AO37,AW37,BE37) -> 62 | BI37: =IF(BH37>=56,"Low",IF(BH37>=35,"Moderate",IF(BH37>=14,"Serious","Critical"))) -> Low | BJ37: FALSE
A38: 36 | B38: FILM: a Fully Learned Index for Larger-than-Memory Databases | C38: 2022 | D38: 2 | E38: 2 | F38: 1 | G38: 2 | H38: 2 | I38: =SUM(D38:H38) -> 9 | J38: =IF(I38>=8,"Low",IF(I38>=4,"Moderate",IF(I38>=0,"Serious","Critical"))) -> Low | K38: The researchers established a rigorous experimental environment by using standard open-source libraries for baselines and providing specific hardware specifications. They effectively mitigated OS interference by using direct I/O to bypass the buffer pool, ensuring that performance gains were attributable to the index design rather than external caching. | L38: 1 | M38: 2 | N38: 0 | O38: 2 | P38: 2 | Q38: =SUM(L38:P38) -> 7 | R38: =IF(Q38>=8,"Low",IF(Q38>=4,"Moderate",IF(Q38>=0,"Serious","Critical"))) -> Moderate | S38: The researchers established a rigorous experimental environment by using standard open-source libraries for baselines and providing specific hardware specifications. They effectively mitigated OS interference by using direct I/O to bypass the buffer pool, ensuring that performance gains were attributable to the index design rather than external caching. | T38: 2 | U38: 2 | V38: 2 | W38: 2 | X38: 2 | Y38: =SUM(T38:X38) -> 10 | Z38: =IF(Y38>=8,"Low",IF(Y38>=4,"Moderate",IF(Y38>=0,"Serious","Critical"))) -> Low | AA38: The paper provides high transparency by releasing the full source code on GitHub and including detailed pseudocode for core algorithms. The implementation is well-validated through a comprehensive performance breakdown and comparisons against properly optimized, reputable baselines. | AB38: 2 | AC38: 2 | AD38: 0 | AE38: 0 | AF38: 2 | AG38: =SUM(AB38:AF38) -> 6 | AH38: =IF(AG38>=8,"Low",IF(AG38>=4,"Moderate",IF(AG38>=0,"Serious","Critical"))) -> Moderate | AI38: : Experimental execution is robust, utilizing standard benchmarks (YCSB) and a wide variety of access patterns to test the index under diverse conditions. The use of direct I/O to bypass OS caching ensures that the results reflect the performance of the index itself rather than external system artifacts. | AJ38: 2 | AK38: 2 | AL38: 2 | AM38: 2 | AN38: 2 | AO38: =SUM(AJ38:AN38) -> 10 | AP38: =IF(AO38>=8,"Low",IF(AO38>=4,"Moderate",IF(AO38>=0,"Serious","Critical"))) -> Low | AQ38: The researchers provide a transparent and multi-dimensional evaluation that avoids selective reporting by documenting both the advantages and drawbacks of FILM. By explaining performance anomalies related to hardware constraints and acknowledging implementation limitations, they ensure a balanced presentation of the results. | AR38: 1 | AS38: 2 | AT38: 2 | AU38: 2 | AV38: 1 | AW38: =sum(AR38:AV38) -> 8 | AX38: =IF(AW38>=8,"Low",IF(AW38>=4,"Moderate",IF(AW38>=0,"Serious","Critical"))) -> Low | AY38: Measurement bias is minimized through the use of multiple trials and reported confidence intervals, which provide insight into the statistical variance of the data. The use of an initialization phase effectively accounts for cold-start effects, ensuring that the measured throughput reflects stable operating conditions. | AZ38: 2 | BA38: 2 | BB38: 2 | BC38: 2 | BD38: 2 | BE38: =sum(AZ38:BD38) -> 10 | BF38: =IF(BE38>=8,"Low",IF(BE38>=4,"Moderate",IF(BE38>=0,"Serious","Critical"))) -> Low | BG38: There is high confidence in the reporting integrity because the authors published their source code and artifacts for public verification. They adhered strictly to their proposed methodology, providing a complete set of results for all datasets and configurations mentioned without unexplained omissions. | BH38: =SUM(I38,Q38,Y38,AG38,AO38,AW38,BE38) -> 60 | BI38: =IF(BH38>=56,"Low",IF(BH38>=35,"Moderate",IF(BH38>=14,"Serious","Critical"))) -> Low | BJ38: FALSE
A39: 37 | B39: RUSLI: Real-time Updatable Spline Learned Index | C39: 2021 | D39: 2 | E39: 2 | F39: 1 | G39: 2 | H39: 1 | I39: =SUM(D39:H39) -> 8 | J39: =IF(I39>=8,"Low",IF(I39>=4,"Moderate",IF(I39>=0,"Serious","Critical"))) -> Low | K39: The study utilizes the SOSD benchmark to ensure a standardized comparison between RUSLI and the RadixSpline baseline on identical hardware. It provides clear details on dataset sizes, key types, and the impact of configuration parameters like max_error on model size. Although specific low-level OS or compiler optimizations are not detailed, the reliance on an established benchmarking framework provides reasonable experimental control. | L39: 1 | M39: 2 | N39: 0 | O39: 1 | P39: 2 | Q39: =SUM(L39:P39) -> 6 | R39: =IF(Q39>=8,"Low",IF(Q39>=4,"Moderate",IF(Q39>=0,"Serious","Critical"))) -> Moderate | S39: The research avoids selection bias by employing the standard SOSD benchmark, which is specifically designed to provide a fair and diverse testing ground for learned indexes. The datasets chosen represent distinct real-world data shapes, ranging from nearly linear to highly stepped distributions. By reporting performance across this entire suite, the authors provide a comprehensive view of the index's utility across different data distributions | T39: 2 | U39: 1 | V39: 2 | W39: 2 | X39: 2 | Y39: =SUM(T39:X39) -> 9 | Z39: =IF(Y39>=8,"Low",IF(Y39>=4,"Moderate",IF(Y39>=0,"Serious","Critical"))) -> Low | AA39: The paper provides a high level of technical detail, including formal algorithms and structural diagrams that clearly map out the implementation of the RUSLI index. By grounding its methodology in the SOSD benchmark framework, the study ensures that its comparisons against established baselines like PGM-index and ALEX are technically sound and reproducible. | AB39: 2 | AC39: 1 | AD39: 0 | AE39: 2 | AF39: 2 | AG39: =SUM(AB39:AF39) -> 7 | AH39: =IF(AG39>=8,"Low",IF(AG39>=4,"Moderate",IF(AG39>=0,"Serious","Critical"))) -> Moderate | AI39: The experimental execution is robust, utilizing multi-threaded tests to demonstrate throughput for concurrent real-time operations. While it leaves out delete operations and crash recovery, the paper is transparent about these limitations and provides precise workload parameters, such as the 50:50 read/write ratio, to validate its claims. | AJ39: 2 | AK39: 2 | AL39: 2 | AM39: 2 | AN39: 2 | AO39: =SUM(AJ39:AN39) -> 10 | AP39: =IF(AO39>=8,"Low",IF(AO39>=4,"Moderate",IF(AO39>=0,"Serious","Critical"))) -> Low | AQ39: The researchers provide a transparent account of the system's performance, covering all standard industry metrics and acknowledging where the system underperforms. By explaining "counter-intuitive" results and explicitly defining the scope of the project (e.g., excluding deletes), they minimize reporting bias. | AR39: 1 | AS39: 0 | AT39: -2 | AU39: 0 | AV39: 0 | AW39: =sum(AR39:AV39) -> -1 | AX39: =IF(AW39>=8,"Low",IF(AW39>=4,"Moderate",IF(AW39>=0,"Serious","Critical"))) -> Critical | AY39: The lack of statistical variance reporting and missing details on experimental repetitions represent a significant risk of measurement bias. While the environmental description is solid, the absence of error bars or warm-up protocols makes it difficult to assess the stability of the reported nanosecond-scale latencies. | AZ39: 2 | BA39: 2 | BB39: 2 | BC39: 1 | BD39: 2 | BE39: =sum(AZ39:BD39) -> 9 | BF39: =IF(BE39>=8,"Low",IF(BE39>=4,"Moderate",IF(BE39>=0,"Serious","Critical"))) -> Low | BG39: The paper demonstrates high integrity in its reporting by adhering to a known benchmark and presenting results that highlight the trade-offs of the system, such as increased memory consumption. The consistency between the proposed methodology and the final results suggests a low risk of selective reporting. | BH39: =SUM(I39,Q39,Y39,AG39,AO39,AW39,BE39) -> 48 | BI39: =IF(BH39>=56,"Low",IF(BH39>=35,"Moderate",IF(BH39>=14,"Serious","Critical"))) -> Moderate | BJ39: FALSE
A40: 38 | B40: LOFT: A Lock-free and Adaptive Learned Index with High Scalability for Dynamic Workloads. | C40: 2025 | D40: 2 | E40: 2 | F40: 1 | G40: 2 | H40: 2 | I40: =SUM(D40:H40) -> 9 | J40: =IF(I40>=8,"Low",IF(I40>=4,"Moderate",IF(I40>=0,"Serious","Critical"))) -> Low | K40: The researchers utilized a highly controlled hardware environment and a broad set of recognized baselines to ensure comparative fairness. While explicit discussion of low-level OS/cache flushing is limited, the reporting of NUMA impacts and background thread overhead demonstrates a strong effort to control for confounding variables. | L40: 2 | M40: 2 | N40: 0 | O40: 2 | P40: 2 | Q40: =SUM(L40:P40) -> 8 | R40: =IF(Q40>=8,"Low",IF(Q40>=4,"Moderate",IF(Q40>=0,"Serious","Critical"))) -> Low | S40: The study employs a rigorous mix of synthetic and real-world data covering diverse skewed and uniform distributions. The inclusion of unfavorable results on "hard" datasets suggests that the workload selection was not biased toward showing only the strengths of the proposed system. | T40: 2 | U40: 2 | V40: 2 | W40: 2 | X40: 2 | Y40: =SUM(T40:X40) -> 10 | Z40: =IF(Y40>=8,"Low",IF(Y40>=4,"Moderate",IF(Y40>=0,"Serious","Critical"))) -> Low | AA40: The implementation is highly transparent, providing both high-level pseudocode and public access to the full source code. By using established baselines in their original configurations and detailing the specific machine learning algorithms used, the authors minimize implementation bias. | AB40: 2 | AC40: 2 | AD40: 2 | AE40: 0 | AF40: 2 | AG40: =SUM(AB40:AF40) -> 8 | AH40: =IF(AG40>=8,"Low",IF(AG40>=4,"Moderate",IF(AG40>=0,"Serious","Critical"))) -> Low | AI40: The researchers utilized a rigorous experimental framework that accounts for varying thread counts and shifting workload intensities. The use of massive operation counts and a wide range of skew factors ensures the results are representative of realistic dynamic indexing scenarios. | AJ40: 2 | AK40: 2 | AL40: 2 | AM40: 2 | AN40: 2 | AO40: =SUM(AJ40:AN40) -> 10 | AP40: =IF(AO40>=8,"Low",IF(AO40>=4,"Moderate",IF(AO40>=0,"Serious","Critical"))) -> Low | AQ40: The paper reports a comprehensive suite of metrics across various workloads and transparently discusses its own limitations, such as lower read throughput compared to specific competitors. It also honestly identifies "hard" datasets where traditional indexing methods may outperform this learned approach. | AR40: 1 | AS40: 1 | AT40: -2 | AU40: 1 | AV40: 2 | AW40: =sum(AR40:AV40) -> 3 | AX40: =IF(AW40>=8,"Low",IF(AW40>=4,"Moderate",IF(AW40>=0,"Serious","Critical"))) -> Serious | AY40: While the paper meticulously describes its hardware environment and accounts for maintenance thread overhead, it lacks statistical variance reporting like error bars or confidence intervals. The high volume of operations used for each test likely stabilizes the results, but the absence of repeated-trial documentation remains a minor concern. | AZ40: 2 | BA40: 2 | BB40: 2 | BC40: 2 | BD40: 2 | BE40: =sum(AZ40:BD40) -> 10 | BF40: =IF(BE40>=8,"Low",IF(BE40>=4,"Moderate",IF(BE40>=0,"Serious","Critical"))) -> Low | BG40: The evaluation is balanced and comprehensive, featuring public source code and clear documentation of all experimental parameters. The authors do not shy away from reporting unfavorable results, such as LOFT's larger memory footprint or lower read throughput in specific scenarios. | BH40: =SUM(I40,Q40,Y40,AG40,AO40,AW40,BE40) -> 58 | BI40: =IF(BH40>=56,"Low",IF(BH40>=35,"Moderate",IF(BH40>=14,"Serious","Critical"))) -> Low | BJ40: FALSE
A41: 39 | B41: Title AStore: Uniformed Adaptive Learned Index and Cache for RDMA-Enabled Key-Value Store. | C41: Year 2024. | D41: 2 | E41: 2 | F41: 1 | G41: 2 | H41: 1 | I41: =SUM(D41:H41) -> 8 | J41: =IF(I41>=8,"Low",IF(I41>=4,"Moderate",IF(I41>=0,"Serious","Critical"))) -> Low | K41: The study maintains high experimental control by strictly limiting server CPU resources to simulate real-world bottlenecks and providing detailed hardware specifications. While it documents its own hyperparameter tuning thoroughly, it relies on standard comparative settings for baselines rather than exhaustive re-optimization for every scenario. | L41: 1 | M41: 2 | N41: 0 | O41: 2 | P41: 2 | Q41: =SUM(L41:P41) -> 7 | R41: =IF(Q41>=8,"Low",IF(Q41>=4,"Moderate",IF(Q41>=0,"Serious","Critical"))) -> Moderate | S41: The paper utilizes a diverse set of datasets and workloads that are standard in the field, ensuring the results are not limited to a single favorable data distribution. By including both real-world traces and multiple synthetic distributions (Uniform, Zipfian, and Log-normal), the authors demonstrate the robustness of the adaptive learned index across varied scenarios. | T41: 2 | U41: 0 | V41: 2 | W41: 2 | X41: 2 | Y41: =SUM(T41:X41) -> 8 | Z41: =IF(Y41>=8,"Low",IF(Y41>=4,"Moderate",IF(Y41>=0,"Serious","Critical"))) -> Low | AA41: The implementation is meticulously documented through pseudocode and mathematical cost models, making the logic highly transparent. While it lacks a public code link in the sources, the use of well-established baselines and explicit ablation studies validates that the implementation aligns with the proposed architectural design. | AB41: 2 | AC41: 2 | AD41: 2 | AE41: 0 | AF41: 2 | AG41: =SUM(AB41:AF41) -> 8 | AH41: =IF(AG41>=8,"Low",IF(AG41>=4,"Moderate",IF(AG41>=0,"Serious","Critical"))) -> Low | AI41: The experimental execution follows a rigorous and standardized approach by using the YCSB benchmark to define clear, reproducible workload parameters. The study goes beyond basic throughput to analyze the impact of multi-threading and coroutines, providing a comprehensive view of how the system handles realistic network and concurrency constraints. | AJ41: 2 | AK41: 2 | AL41: 1 | AM41: 2 | AN41: 2 | AO41: =SUM(AJ41:AN41) -> 9 | AP41: =IF(AO41>=8,"Low",IF(AO41>=4,"Moderate",IF(AO41>=0,"Serious","Critical"))) -> Low | AQ41: The paper is highly transparent, reporting not just successes but also identifying specific datasets and configurations where performance fluctuates. By explaining the trade-offs between different RDMA strategies and documenting structural performance drops during node splits, the authors provide a balanced view of the system. | AR41: 0 | AS41: 0 | AT41: -1 | AU41: 0 | AV41: 0 | AW41: =sum(AR41:AV41) -> -1 | AX41: =IF(AW41>=8,"Low",IF(AW41>=4,"Moderate",IF(AW41>=0,"Serious","Critical"))) -> Critical | AY41: There is a significant lack of information regarding the statistical rigor of the measurements, particularly the absence of error bars and details on repeated trials. While the metrics used are standard, the reporting does not confirm that common experimental safeguards like warm-up periods or variability analysis were employed. | AZ41: 2 | BA41: 2 | BB41: 2 | BC41: 0 | BD41: 2 | BE41: =sum(AZ41:BD41) -> 8 | BF41: =IF(BE41>=8,"Low",IF(BE41>=4,"Moderate",IF(BE41>=0,"Serious","Critical"))) -> Low | BG41: The paper demonstrates a high level of integrity by reporting results across all promised datasets and workloads, including cases where the system does not outperform the baseline. The alignment between the proposed methodology and the final results is strong, though the lack of a public code link prevents a higher score for reproducibility. | BH41: =SUM(I41,Q41,Y41,AG41,AO41,AW41,BE41) -> 47 | BI41: =IF(BH41>=56,"Low",IF(BH41>=35,"Moderate",IF(BH41>=14,"Serious","Critical"))) -> Moderate | BJ41: FALSE
A42: 40 | B42: An Empirical Study of Segmented Linear Regression Search in LevelDB. | C42: 2023 | D42: 2 | E42: 2 | F42: 1 | G42: 2 | H42: 1 | I42: =SUM(D42:H42) -> 8 | J42: =IF(I42>=8,"Low",IF(I42>=4,"Moderate",IF(I42>=0,"Serious","Critical"))) -> Low | K42: The researchers clearly identified LevelDB version 1.23 and its standard binary search as the baseline for comparison. Hardware and software environments are detailed, including specific CPU, memory, and OS versions. While they report lookup latency breakdown using specialized tools like uftrace, they provide limited discussion on specific OS-level cache clearing protocols between experimental runs. | L42: 2 | M42: 1 | N42: 0 | O42: -2 | P42: 1 | Q42: =SUM(L42:P42) -> 2 | R42: =IF(Q42>=8,"Low",IF(Q42>=4,"Moderate",IF(Q42>=0,"Serious","Critical"))) -> Serious | S42: The paper justifies its dataset choice based on the linearity property found in real-world big data, specifically utilizing OSM and Twitter user data. However, the study relies exclusively on these two real-world datasets and lacks synthetic data to test edge cases or non-linear distributions. The assessment of "bad segments" suggests an honest appraisal of the model's limitations when data violates linearity. | T42: 2 | U42: 1 | V42: 2 | W42: 2 | X42: 2 | Y42: =SUM(T42:X42) -> 9 | Z42: =IF(Y42>=8,"Low",IF(Y42>=4,"Moderate",IF(Y42>=0,"Serious","Critical"))) -> Low | AA42: The implementation is meticulously documented through pseudocode and structural diagrams that explain how the index block was extended to include a "model area". By integrating the SLR search into the widely recognized LevelDB framework, the authors ensure the baseline is reputable and the experimental results are grounded in a standard system. | AB42: 2 | AC42: 0 | AD42: 0 | AE42: 0 | AF42: 2 | AG42: =SUM(AB42:AF42) -> 4 | AH42: =IF(AG42>=8,"Low",IF(AG42>=4,"Moderate",IF(AG42>=0,"Serious","Critical"))) -> Moderate | AI42: The experimental execution is consistent with the methodology, providing quantitative data on how SLR search reduces the number of comparisons compared to binary search. The use of standard big data workloads (OSM and TUD) ensures that the testing environment reflects realistic data distributions, though the scope is limited to search performance rather than dynamic write operations. | AJ42: 1 | AK42: 2 | AL42: 2 | AM42: 2 | AN42: 2 | AO42: =SUM(AJ42:AN42) -> 9 | AP42: =IF(AO42>=8,"Low",IF(AO42>=4,"Moderate",IF(AO42>=0,"Serious","Critical"))) -> Low | AQ42: The paper demonstrates high transparency by reporting distribution-based results (box plots) that include failure cases and long-tail latencies. Although it lacks a formal quantitative table for memory and training time, it provides a comprehensive lookup latency breakdown and sensitivity analysis to explain performance variations. | AR42: 2 | AS42: 2 | AT42: 2 | AU42: 0 | AV42: 1 | AW42: =sum(AR42:AV42) -> 7 | AX42: =IF(AW42>=8,"Low",IF(AW42>=4,"Moderate",IF(AW42>=0,"Serious","Critical"))) -> Moderate | AY42: Performance measurement is grounded in standardized tools like uftrace and detailed hardware specifications. The reporting of statistical distributions rather than simple averages suggests a robust measurement process, though the absence of information on warm-up periods is a minor gap in the reported methodology. | AZ42: 2 | BA42: 2 | BB42: 2 | BC42: 1 | BD42: 2 | BE42: =sum(AZ42:BD42) -> 9 | BF42: =IF(BE42>=8,"Low",IF(BE42>=4,"Moderate",IF(BE42>=0,"Serious","Critical"))) -> Low | BG42: The authors present a balanced and honest set of results, including clear evidence of where their proposed method underperforms compared to the baseline. The alignment between the promised methodology and the final reported experiments is high, and the use of publicly available datasets supports the study's reproducibility. | BH42: =SUM(I42,Q42,Y42,AG42,AO42,AW42,BE42) -> 48 | BI42: =IF(BH42>=56,"Low",IF(BH42>=35,"Moderate",IF(BH42>=14,"Serious","Critical"))) -> Moderate | BJ42: FALSE
A43: 41 | B43: PLIN: A persistent learned index for non-volatile memory with high performance and instant recovery | D43: 2 | E43: 2 | F43: 2 | G43: 2 | H43: 2 | I43: =SUM(D43:H43) -> 10 | J43: =IF(I43>=8,"Low",IF(I43>=4,"Moderate",IF(I43>=0,"Serious","Critical"))) -> Low | K43: The study demonstrates excellent experimental control by using official open-source implementations for all baselines and conducting tests on a precisely defined hardware environment. Potential confounders are addressed through standardized compiler flags, NUMA isolation, and a significant warm-up phase to stabilize cache effects. | L43: 1 | M43: 2 | N43: 0 | O43: 2 | P43: 2 | Q43: =SUM(L43:P43) -> 7 | R43: =IF(Q43>=8,"Low",IF(Q43>=4,"Moderate",IF(Q43>=0,"Serious","Critical"))) -> Moderate | S43: The research employs a robust variety of datasets and workloads that reflect both theoretical distributions and real-world use cases. The inclusion of an analysis on varying access skewness (Zipfian distribution) suggests the authors intended to provide a comprehensive performance profile rather than a narrow, optimized result. | T43: 2 | U43: 2 | V43: 2 | W43: 2 | X43: 2 | Y43: =SUM(T43:X43) -> 10 | Z43: =IF(Y43>=8,"Low",IF(Y43>=4,"Moderate",IF(Y43>=0,"Serious","Critical"))) -> Low | AA43: The implementation details are exceptionally transparent, with both the high-level algorithms and the low-level data layouts clearly defined. The availability of the source code and the use of a thorough ablation study provide strong evidence that the implementation is consistent with the research design and is fully reproducible. | AB43: 2 | AC43: 2 | AD43: 2 | AE43: 2 | AF43: 2 | AG43: =SUM(AB43:AF43) -> 10 | AH43: =IF(AG43>=8,"Low",IF(AG43>=4,"Moderate",IF(AG43>=0,"Serious","Critical"))) -> Low | AI43: The execution of the experiments is highly rigorous, utilizing industry-standard benchmarks (YCSB) and realistic thread counts. The inclusion of a "worst-case" crash consistency test during active structure-modification operations provides strong evidence for the reliability of the reported recovery performance. | AJ43: 2 | AK43: 2 | AL43: 1 | AM43: 2 | AN43: 2 | AO43: =SUM(AJ43:AN43) -> 9 | AP43: =IF(AO43>=8,"Low",IF(AO43>=4,"Moderate",IF(AO43>=0,"Serious","Critical"))) -> Low | AQ43: The reporting is exceptionally thorough, covering multiple performance dimensions beyond simple throughput. The authors do not shy away from showing cases where their method is outperformed by competitors, which enhances the credibility of the overall findings. | AR43: 1 | AS43: 1 | AT43: -1 | AU43: 2 | AV43: 2 | AW43: =sum(AR43:AV43) -> 5 | AX43: =IF(AW43>=8,"Low",IF(AW43>=4,"Moderate",IF(AW43>=0,"Serious","Critical"))) -> Moderate | AY43: While the paper lacks explicit statistical variance reporting (error bars), it compensates with a very large-scale warm-up phase and a detailed breakdown of internal system overheads. The measurements are performed on real hardware (Intel Optane), which adds to the practical validity of the results. | AZ43: 2 | BA43: 2 | BB43: 2 | BC43: 2 | BD43: 2 | BE43: =sum(AZ43:BD43) -> 10 | BF43: =IF(BE43>=8,"Low",IF(BE43>=4,"Moderate",IF(BE43>=0,"Serious","Critical"))) -> Low | BG43: The paper adheres to the highest standards of reporting integrity. By including the original hybrid version of their main competitor (which outperforms PLIN in some areas) and providing full source code, the authors demonstrate a commitment to transparency and reproducibility. | BH43: =SUM(I43,Q43,Y43,AG43,AO43,AW43,BE43) -> 61 | BI43: =IF(BH43>=56,"Low",IF(BH43>=35,"Moderate",IF(BH43>=14,"Serious","Critical"))) -> Low | BJ43: FALSE
A44: 42 | B44: SLIN: A CPU-efficient, Hybrid Tree and Learned Index for String Data. | C44: 2024 | D44: 2 | E44: 2 | F44: 0 | G44: 2 | H44: 1 | I44: =SUM(D44:H44) -> 7 | J44: =IF(I44>=8,"Low",IF(I44>=4,"Moderate",IF(I44>=0,"Serious","Critical"))) -> Moderate | K44: The paper establishes a high level of baseline fairness by utilizing standardized hardware and clearly defining the characteristics of the diverse 70M-entry datasets used for testing. While they attempt to align hyperparameters like the error limit across models, the assessment is slightly limited by a lack of discussion regarding low-level system controls like cache management. | L44: 2 | M44: 2 | N44: 2 | O44: 2 | P44: 2 | Q44: =SUM(L44:P44) -> 10 | R44: =IF(Q44>=8,"Low",IF(Q44>=4,"Moderate",IF(Q44>=0,"Serious","Critical"))) -> Low | S44: The researchers utilized a robust suite of datasets that represent both ideal conditions and the "messy" reality of string data, such as deep prefix overlaps. By reporting instances where their model underperformed against baselines, they demonstrate a commitment to comprehensive and unbiased evaluation. | T44: 2 | U44: 0 | V44: 2 | W44: 1 | X44: 2 | Y44: =SUM(T44:X44) -> 7 | Z44: =IF(Y44>=8,"Low",IF(Y44>=4,"Moderate",IF(Y44>=0,"Serious","Critical"))) -> Moderate | AA44: The paper provides a high-quality description of its unique hybrid architecture and justifies its design through targeted performance analysis. However, the absence of publicly available source code and detailed hyperparameter tuning for the underlying models prevents a perfect score in this domain. | AB44: 2 | AC44: 0 | AD44: 0 | AE44: 0 | AF44: 2 | AG44: =SUM(AB44:AF44) -> 4 | AH44: =IF(AG44>=8,"Low",IF(AG44>=4,"Moderate",IF(AG44>=0,"Serious","Critical"))) -> Moderate | AI44: The experimental execution is highly consistent with the paper's scope of optimizing read-heavy string indexing. While it lacks evaluation for dynamic or concurrent operations, it clearly defines the parameters for its targeted static bulk-load and lookup performance. | AJ44: 2 | AK44: 2 | AL44: 2 | AM44: 2 | AN44: 2 | AO44: =SUM(AJ44:AN44) -> 10 | AP44: =IF(AO44>=8,"Low",IF(AO44>=4,"Moderate",IF(AO44>=0,"Serious","Critical"))) -> Low | AQ44: The paper demonstrates high integrity by reporting comparative failures and explaining the technical reasons behind them. By including an ablation study that evaluates each specific design choice, they ensure that no promised configuration is left unreported. | AR44: 0 | AS44: 0 | AT44: 0 | AU44: 0 | AV44: 0 | AW44: =sum(AR44:AV44) -> 0 | AX44: =IF(AW44>=8,"Low",IF(AW44>=4,"Moderate",IF(AW44>=0,"Serious","Critical"))) -> Serious | AY44: While the paper provides clear output metrics for throughput and time, it lacks the procedural detail necessary to determine the precision of these measurements. Without information on multiple runs, statistical variance, or environmental stabilization (warm-ups), the reliability of the performance measurements cannot be fully verified. | AZ44: 2 | BA44: 2 | BB44: 2 | BC44: 1 | BD44: 2 | BE44: =sum(AZ44:BD44) -> 9 | BF44: =IF(BE44>=8,"Low",IF(BE44>=4,"Moderate",IF(BE44>=0,"Serious","Critical"))) -> Low | BG44: The paper scores highly in this domain due to its transparent reporting of both the strengths and weaknesses of the SLIN structure. By providing the external data sources and clearly aligning the results with the proposed methodology, the authors minimize the risk of selective reporting bias. | BH44: =SUM(I44,Q44,Y44,AG44,AO44,AW44,BE44) -> 47 | BI44: =IF(BH44>=56,"Low",IF(BH44>=35,"Moderate",IF(BH44>=14,"Serious","Critical"))) -> Moderate | BJ44: FALSE
A45: 43 | B45: LIFM: A Persistent Learned Index for Flash Memory. | C45: 2023 | D45: 2 | E45: 2 | F45: 0 | G45: 2 | H45: 1 | I45: =SUM(D45:H45) -> 7 | J45: =IF(I45>=8,"Low",IF(I45>=4,"Moderate",IF(I45>=0,"Serious","Critical"))) -> Moderate | K45: The research establishes a solid experimental foundation by using standardized hardware and a consistent on-disk implementation for all baseline comparisons. While the hardware and dataset specifications are highly detailed, the assessment is slightly obscured by a lack of information regarding environmental controls like cache management during the measurement of I/O costs. | L45: 2 | M45: 2 | N45: 0 | O45: 1 | P45: 2 | Q45: =SUM(L45:P45) -> 7 | R45: =IF(Q45>=8,"Low",IF(Q45>=4,"Moderate",IF(Q45>=0,"Serious","Critical"))) -> Moderate | S45: The paper uses a diverse set of real-world data and subjects it to an exhaustive battery of six distinct workload patterns. This multi-workload approach ensures that the index is tested under both favorable (read-only) and challenging (write-heavy) conditions, minimizing the risk of selective reporting. | T45: 2 | U45: 0 | V45: 2 | W45: 2 | X45: 2 | Y45: =SUM(T45:X45) -> 8 | Z45: =IF(Y45>=8,"Low",IF(Y45>=4,"Moderate",IF(Y45>=0,"Serious","Critical"))) -> Low | AA45: The authors provide excellent technical depth regarding the internal structure and algorithmic logic of their index, making the design highly transparent. While reproducibility is bolstered by the use of standard benchmarks and formulas, the lack of a direct link to the source code is the only significant omission. | AB45: 2 | AC45: 2 | AD45: 0 | AE45: 0 | AF45: 2 | AG45: =SUM(AB45:AF45) -> 6 | AH45: =IF(AG45>=8,"Low",IF(AG45>=4,"Moderate",IF(AG45>=0,"Serious","Critical"))) -> Moderate | AI45: The experimental execution is robust, covering a wide variety of access patterns that reflect how an index would be used in a real database system. However, the evaluation is incomplete regarding its persistence claims, as it lacks evidence of testing the index's resilience against unexpected system failures. | AJ45: 1 | AK45: 1 | AL45: 2 | AM45: 2 | AN45: 2 | AO45: =SUM(AJ45:AN45) -> 8 | AP45: =IF(AO45>=8,"Low",IF(AO45>=4,"Moderate",IF(AO45>=0,"Serious","Critical"))) -> Low | AQ45: The paper is highly transparent regarding its experimental matrix, reporting results for every dataset and workload combination promised. While it lacks some secondary metrics like construction time, it honestly acknowledges where the proposed method only meets—rather than exceeds—baseline performance. | AR45: 0 | AS45: 0 | AT45: 0 | AU45: 0 | AV45: 0 | AW45: =sum(AR45:AV45) -> 0 | AX45: =IF(AW45>=8,"Low",IF(AW45>=4,"Moderate",IF(AW45>=0,"Serious","Critical"))) -> Serious | AY45: While the output metrics are clear, the procedural rigor of the measurements is undocumented. Without information on repetitions, statistical variance, or warm-up periods, it is difficult to assess the precision and reproducibility of the reported throughput and I/O counts. | AZ45: 2 | BA45: 1 | BB45: 2 | BC45: 1 | BD45: 2 | BE45: =sum(AZ45:BD45) -> 8 | BF45: =IF(BE45>=8,"Low",IF(BE45>=4,"Moderate",IF(BE45>=0,"Serious","Critical"))) -> Low | BG45: The paper demonstrates a high level of reporting integrity by providing a complete matrix of results for all promised experimental conditions. While the lack of a public code repository is a minor drawback, the use of standard benchmarks and the inclusion of neutral results (write counts) mitigates the risk of selection bias. | BH45: =SUM(I45,Q45,Y45,AG45,AO45,AW45,BE45) -> 44 | BI45: =IF(BH45>=56,"Low",IF(BH45>=35,"Moderate",IF(BH45>=14,"Serious","Critical"))) -> Moderate | BJ45: FALSE
A46: 44 | B46: Fiting-tree: A Data-aware Index Structure | C46: 2019 | D46: 2 | E46: 2 | F46: 2 | G46: 2 | H46: 2 | I46: =SUM(D46:H46) -> 10 | J46: =IF(I46>=8,"Low",IF(I46>=4,"Moderate",IF(I46>=0,"Serious","Critical"))) -> Low | K46: The researchers maintained high experimental integrity by using standardized hardware and well-documented baseline libraries. They further minimized confounding bias by validating their cost model against actual hardware latency and cache behaviors. | L46: 2 | M46: 2 | N46: 0 | O46: 2 | P46: 2 | Q46: =SUM(L46:P46) -> 8 | R46: =IF(Q46>=8,"Low",IF(Q46>=4,"Moderate",IF(Q46>=0,"Serious","Critical"))) -> Low | S46: The paper avoids selection bias by testing across a broad spectrum of non-linearity ratios and scales. By including an adversarial synthetic dataset, the authors provide a transparent look at the index's performance boundaries. | T46: 2 | U46: 1 | V46: 2 | W46: 2 | X46: 2 | Y46: =SUM(T46:X46) -> 9 | Z46: =IF(Y46>=8,"Low",IF(Y46>=4,"Moderate",IF(Y46>=0,"Serious","Critical"))) -> Low | AA46: The implementation is rigorously documented through mathematical proofs of segment size and competitive analysis. The use of established baseline libraries ensures that the "learned" component is compared against a high-quality "non-learned" standard. | AB46: 2 | AC46: 2 | AD46: 1 | AE46: 0 | AF46: 2 | AG46: =SUM(AB46:AF46) -> 7 | AH46: =IF(AG46>=8,"Low",IF(AG46>=4,"Moderate",IF(AG46>=0,"Serious","Critical"))) -> Moderate | AI46: The experiments are highly consistent with the described technical design of the FITing-Tree, particularly regarding the segmentation and insertion strategies. While the paper reports performance on a per-thread basis, it lacks a deep dive into concurrent locking or latching overheads in these specific excerpts. | AJ46: 2 | AK46: 2 | AL46: 1 | AM46: 2 | AN46: 2 | AO46: =SUM(AJ46:AN46) -> 9 | AP46: =IF(AO46>=8,"Low",IF(AO46>=4,"Moderate",IF(AO46>=0,"Serious","Critical"))) -> Low | AQ46: The paper is transparent about its performance trade-offs, particularly through the use of a "Worst Case" evaluation and the comparison of different insertion strategies. It provides a multi-dimensional view of the index's behavior across different real-world and synthetic distributions. | AR46: 1 | AS46: 0 | AT46: -1 | AU46: 0 | AV46: 2 | AW46: =sum(AR46:AV46) -> 2 | AX46: =IF(AW46>=8,"Low",IF(AW46>=4,"Moderate",IF(AW46>=0,"Serious","Critical"))) -> Serious | AY46: The paper provides clear hardware context and uses standard metrics, but it lacks statistical rigor in its visualizations, such as error bars. Furthermore, essential experimental protocols like warm-up periods or the number of trial repetitions are missing from the excerpts. | AZ46: 2 | BA46: 2 | BB46: 2 | BC46: 2 | BD46: 2 | BE46: =sum(AZ46:BD46) -> 10 | BF46: =IF(BE46>=8,"Low",IF(BE46>=4,"Moderate",IF(BE46>=0,"Serious","Critical"))) -> Low | BG46: The reporting appears highly balanced, as the authors provide a public link for reproducibility and show clear evidence of the trade-offs between space and performance. There is no indication of selective reporting, as the authors even include a synthetic "worst-case" scenario to test their own system's limits. | BH46: =SUM(I46,Q46,Y46,AG46,AO46,AW46,BE46) -> 55 | BI46: =IF(BH46>=56,"Low",IF(BH46>=35,"Moderate",IF(BH46>=14,"Serious","Critical"))) -> Moderate | BJ46: FALSE
A47: 45 | B47: XIndex: A Scalable Learned Index for Multicore Data Storage. | C47: 2020 (Published February 19, 2020). | D47: 2 | E47: 2 | F47: 2 | G47: 2 | H47: 1 | I47: =SUM(D47:H47) -> 9 | J47: =IF(I47>=8,"Low",IF(I47>=4,"Moderate",IF(I47>=0,"Serious","Critical"))) -> Low | K47: The researchers established a rigorous experimental environment by using a consistent hardware setup with hyperthreading disabled and providing clear descriptions of baseline configurations. Fairness is evidenced by the deliberate optimization of the primary competitor (the learned index) to ensure it represented a strong point of comparison. | L47: 1 | M47: 2 | N47: 0 | O47: 2 | P47: 2 | Q47: =SUM(L47:P47) -> 7 | R47: =IF(Q47>=8,"Low",IF(Q47>=4,"Moderate",IF(Q47>=0,"Serious","Critical"))) -> Moderate | S47: The paper utilizes a broad spectrum of data distributions and standard benchmarks, ensuring that the results are not limited to narrow, favorable conditions. The inclusion of failure modes (where XIndex is slower than baselines) adds significant credibility to the dataset selection process. | T47: 2 | U47: 2 | V47: 2 | W47: 2 | X47: 2 | Y47: =SUM(T47:X47) -> 10 | Z47: =IF(Y47>=8,"Low",IF(Y47>=4,"Moderate",IF(Y47>=0,"Serious","Critical"))) -> Low | AA47: The implementation is exceptionally well-documented through detailed pseudocode and architectural diagrams, and its reproducibility is bolstered by public source code and official ACM artifact badges. The use of optimized, reputable baselines ensures that the performance gains reported are not due to an unfair implementation of competing methods. | AB47: 2 | AC47: 2 | AD47: 2 | AE47: 0 | AF47: 2 | AG47: =SUM(AB47:AF47) -> 8 | AH47: =IF(AG47>=8,"Low",IF(AG47>=4,"Moderate",IF(AG47>=0,"Serious","Critical"))) -> Low | AI47: The experimental execution is highly transparent, with explicitly defined workload mixes and thread configurations that reflect real-world multi-core usage. By testing across diverse read/write ratios and skewness levels, the authors ensure the index's performance is evaluated under a variety of realistic operational stresses. | AJ47: 2 | AK47: 2 | AL47: 2 | AM47: 2 | AN47: 2 | AO47: =SUM(AJ47:AN47) -> 10 | AP47: =IF(AO47>=8,"Low",IF(AO47>=4,"Moderate",IF(AO47>=0,"Serious","Critical"))) -> Low | AQ47: The paper exhibits a high degree of transparency by including a dedicated limitations section and reporting several "failure cases" where the proposed system is slower than existing baselines. This comprehensive reporting ensures that the reader understands the specific trade-offs and operational boundaries of the XIndex architecture. | AR47: 1 | AS47: 1 | AT47: 0 | AU47: 2 | AV47: 2 | AW47: =sum(AR47:AV47) -> 6 | AX47: =IF(AW47>=8,"Low",IF(AW47>=4,"Moderate",IF(AW47>=0,"Serious","Critical"))) -> Moderate | AY47: The measurement process is generally sound, particularly regarding the use of warm-up periods and thread isolation to ensure clean performance data. However, the absence of error bars or statistical variance reporting in the charts prevents a full assessment of the results' stability across multiple runs. | AZ47: 2 | BA47: 2 | BB47: 2 | BC47: 2 | BD47: 2 | BE47: =sum(AZ47:BD47) -> 10 | BF47: =IF(BE47>=8,"Low",IF(BE47>=4,"Moderate",IF(BE47>=0,"Serious","Critical"))) -> Low | BG47: The paper demonstrates exemplary integrity in results selection, supported by third-party verification and a public code repository. The balanced presentation of both "wins" and "losses" against state-of-the-art baselines mitigates concerns regarding cherry-picking or selective reporting. | BH47: =SUM(I47,Q47,Y47,AG47,AO47,AW47,BE47) -> 60 | BI47: =IF(BH47>=56,"Low",IF(BH47>=35,"Moderate",IF(BH47>=14,"Serious","Critical"))) -> Low | BJ47: FALSE
A48: 46 | B48: DALdex: A DPU-Accelerated Persistent Learned Index via Incremental Learning. | C48: 2025 | D48: 2 | E48: 2 | F48: 1 | G48: 2 | H48: 1 | I48: =SUM(D48:H48) -> 8 | J48: =IF(I48>=8,"Low",IF(I48>=4,"Moderate",IF(I48>=0,"Serious","Critical"))) -> Low | K48: The paper provides comprehensive hardware and software specifications, ensuring a controlled environment for testing. By utilizing open-source implementations of competitors and managing hardware-specific issues like NUMA effects, the researchers maintain high experimental control and baseline fairness. | L48: 1 | M48: 2 | N48: 0 | O48: 1 | P48: 2 | Q48: =SUM(L48:P48) -> 6 | R48: =IF(Q48>=8,"Low",IF(Q48>=4,"Moderate",IF(Q48>=0,"Serious","Critical"))) -> Moderate | S48: The research utilizes widely recognized real-world datasets and rigorously tests them against varied access patterns, including high-skew Zipfian distributions. This variety ensures that the index's performance is not tied to a single, narrow data distribution or workload type. | T48: 2 | U48: 2 | V48: 2 | W48: 2 | X48: 2 | Y48: =SUM(T48:X48) -> 10 | Z48: =IF(Y48>=8,"Low",IF(Y48>=4,"Moderate",IF(Y48>=0,"Serious","Critical"))) -> Low | AA48: The implementation is described with high technical rigor, providing both the mathematical logic for incremental learning and the structural details of the hybrid memory architecture. Public code availability and the use of validated baseline implementations further minimize the risk of implementation bias. | AB48: 2 | AC48: 2 | AD48: 2 | AE48: 2 | AF48: 2 | AG48: =SUM(AB48:AF48) -> 10 | AH48: =IF(AG48>=8,"Low",IF(AG48>=4,"Moderate",IF(AG48>=0,"Serious","Critical"))) -> Low | AI48: The experimental execution is comprehensive, testing the index under standardized benchmarks and stress-testing it with realistic crash scenarios. By providing detailed thread-scaling data and testing across multiple data distributions, the authors demonstrate that the experimental results are robust and well-documented. | AJ48: 2 | AK48: 1 | AL48: 1 | AM48: 2 | AN48: 1 | AO48: =SUM(AJ48:AN48) -> 7 | AP48: =IF(AO48>=8,"Low",IF(AO48>=4,"Moderate",IF(AO48>=0,"Serious","Critical"))) -> Moderate | AQ48: The paper is highly transparent, reporting across multiple dimensions of performance and memory usage. It avoids the common trap of only showing "winning" scenarios by explicitly discussing and explaining cases where it underperforms competitors or relies on mathematical approximations to remain viable. | AR48: 1 | AS48: 0 | AT48: 0 | AU48: 1 | AV48: 0 | AW48: =sum(AR48:AV48) -> 2 | AX48: =IF(AW48>=8,"Low",IF(AW48>=4,"Moderate",IF(AW48>=0,"Serious","Critical"))) -> Serious | AY48: The paper follows standard system benchmarking protocols but lacks statistical rigor in its reporting, as it omits the number of trials and variance data (error bars). However, the clear description of the hardware/software environment and the pre-loading of benchmarks provide a solid foundation for the measurements. | AZ48: 2 | BA48: 1 | BB48: 2 | BC48: 2 | BD48: 2 | BE48: =sum(AZ48:BD48) -> 9 | BF48: =IF(BE48>=8,"Low",IF(BE48>=4,"Moderate",IF(BE48>=0,"Serious","Critical"))) -> Low | BG48: The research demonstrates integrity in reporting by including comparisons where DALdex is not the top performer and providing a public repository for verification. There is no evidence of "cherry-picking," as the index is tested against all promised datasets and workloads. | BH48: =SUM(I48,Q48,Y48,AG48,AO48,AW48,BE48) -> 52 | BI48: =IF(BH48>=56,"Low",IF(BH48>=35,"Moderate",IF(BH48>=14,"Serious","Critical"))) -> Moderate | BJ48: FALSE
A49: 47 | B49: Accelerating String-key Learned Index Structures via Memoization-based Incremental Training. | C49: 2024 | D49: 2 | E49: 2 | F49: 1 | G49: 2 | H49: 2 | I49: =SUM(D49:H49) -> 9 | J49: =IF(I49>=8,"Low",IF(I49>=4,"Moderate",IF(I49>=0,"Serious","Critical"))) -> Low | K49: The authors provide a high level of transparency regarding their experimental setup, utilizing identical hardware across all tests and clearly defining the software libraries used for baselines. Fairness is particularly evident in their effort to modernize older learned index baselines with string and multi-threading support to provide a relevant comparison. | L49: 2 | M49: 2 | N49: 2 | O49: 2 | P49: 2 | Q49: =SUM(L49:P49) -> 10 | R49: =IF(Q49>=8,"Low",IF(Q49>=4,"Moderate",IF(Q49>=0,"Serious","Critical"))) -> Low | S49: The researchers utilized a robust mix of synthetic benchmarks and real-world data sources to validate their system across varying string lengths and access patterns. The inclusion of diverse request distributions (Zipfian, hotspot, etc.) and industry-standard traces from Twitter demonstrates a comprehensive evaluation strategy that minimizes selection bias. | T49: 2 | U49: 2 | V49: 2 | W49: 2 | X49: 2 | Y49: =SUM(T49:X49) -> 10 | Z49: =IF(Y49>=8,"Low",IF(Y49>=4,"Moderate",IF(Y49>=0,"Serious","Critical"))) -> Low | AA49: The implementation is described with a high degree of transparency, supported by pseudocode and detailed hardware microarchitecture specifications. The commitment to reproducibility is evidenced by the public code release and the careful optimization of baseline systems to ensure fair performance comparisons. | AB49: 2 | AC49: 2 | AD49: 2 | AE49: 0 | AF49: 2 | AG49: =SUM(AB49:AF49) -> 8 | AH49: =IF(AG49>=8,"Low",IF(AG49>=4,"Moderate",IF(AG49>=0,"Serious","Critical"))) -> Low | AI49: The experimental execution is robust, utilizing a mix of synthetic and industry-standard real-world workloads with clearly defined parameters. The authors provide a detailed analysis of thread interactions and query ratios, ensuring that the dynamic nature of the index is tested under realistic and transparent conditions. | AJ49: 2 | AK49: 2 | AL49: 2 | AM49: 2 | AN49: 2 | AO49: =SUM(AJ49:AN49) -> 10 | AP49: =IF(AO49>=8,"Low",IF(AO49>=4,"Moderate",IF(AO49>=0,"Serious","Critical"))) -> Low | AQ49: The paper provides a comprehensive and transparent reporting of results, covering a wide array of metrics and configurations. The authors are particularly forthright about the limitations of their approach regarding deletions and the performance gaps of base learned indexes on specific workloads. | AR49: 1 | AS49: 2 | AT49: 1 | AU49: 1 | AV49: 0 | AW49: =sum(AR49:AV49) -> 5 | AX49: =IF(AW49>=8,"Low",IF(AW49>=4,"Moderate",IF(AW49>=0,"Serious","Critical"))) -> Moderate | AY49: The measurement methodology is generally sound, with clear descriptions of hardware power meters and evidence of repeated trials in power reporting. However, the lack of variance markers in throughput graphs and the absence of a discussion on measurement overhead prevent a perfect score. | AZ49: 2 | BA49: 2 | BB49: 2 | BC49: 2 | BD49: 2 | BE49: =sum(AZ49:BD49) -> 10 | BF49: =IF(BE49>=8,"Low",IF(BE49>=4,"Moderate",IF(BE49>=0,"Serious","Critical"))) -> Low | BG49: The paper demonstrates a high standard of reporting integrity, with no evidence of cherry-picking results. The inclusion of unfavorable comparisons and the public release of all experimental materials strongly mitigate the risk of selection bias. | BH49: =SUM(I49,Q49,Y49,AG49,AO49,AW49,BE49) -> 62 | BI49: =IF(BH49>=56,"Low",IF(BH49>=35,"Moderate",IF(BH49>=14,"Serious","Critical"))) -> Low | BJ49: FALSE
A50: 48 | B50: SIndex: A Scalable Learned Index for String Keys. | C50: Year: 2020. | D50: 1 | E50: 2 | F50: 1 | G50: 2 | H50: 1 | I50: =SUM(D50:H50) -> 7 | J50: =IF(I50>=8,"Low",IF(I50>=4,"Moderate",IF(I50>=0,"Serious","Critical"))) -> Moderate | K50: The researchers maintained high experimental control by using a consistent, specified hardware environment and reporting results only after a warm-up period. While baseline methods were used with default settings rather than exhaustive custom tuning, the clear description of dataset characteristics and the inclusion of multiple state-of-the-art counterparts support a fair comparative framework. | L50: 1 | M50: 1 | N50: 2 | O50: 2 | P50: 2 | Q50: =SUM(L50:P50) -> 8 | R50: =IF(Q50>=8,"Low",IF(Q50>=4,"Moderate",IF(Q50>=0,"Serious","Critical"))) -> Low | S50: The researchers included a diverse range of string lengths and both synthetic and real-world data to test the scalability of their index. The inclusion of results where SIndex underperforms relative to a competitor indicates a lack of cherry-picking and a commitment to a transparent evaluation of the structure's limitations. | T50: 2 | U50: 2 | V50: 2 | W50: 1 | X50: 2 | Y50: =SUM(T50:X50) -> 9 | Z50: =IF(Y50>=8,"Low",IF(Y50>=4,"Moderate",IF(Y50>=0,"Serious","Critical"))) -> Low | AA50: The researchers provided high transparency by open-sourcing their code and including pseudocode for their primary algorithms. The use of an ablation study further validates that the implementation accurately reflects the proposed design, though the training procedure for the linear models is described at a high level rather than with exhaustive mathematical detail. | AB50: 2 | AC50: 2 | AD50: 2 | AE50: 0 | AF50: 2 | AG50: =SUM(AB50:AF50) -> 8 | AH50: =IF(AG50>=8,"Low",IF(AG50>=4,"Moderate",IF(AG50>=0,"Serious","Critical"))) -> Low | AI50: The experimental execution is robust, covering a wide variety of operation mixes and thread counts that are consistent with the paper's claims of being a concurrent, updatable index. Every major performance claim is backed by a specific test scenario with clearly defined parameters. | AJ50: 1 | AK50: 2 | AL50: 2 | AM50: 2 | AN50: 2 | AO50: =SUM(AJ50:AN50) -> 9 | AP50: =IF(AO50>=8,"Low",IF(AO50>=4,"Moderate",IF(AO50>=0,"Serious","Critical"))) -> Low | AQ50: The researchers demonstrate high transparency by dedicating significant portions of the evaluation to analyzing and explaining why SIndex underperforms in certain scenarios. They provide a balanced view by showing that while the system excels with random distributions, it has clear limitations regarding complex real-world data and write-heavy concurrency. | AR50: 1 | AS50: 1 | AT50: -2 | AU50: 2 | AV50: 0 | AW50: =sum(AR50:AV50) -> 2 | AX50: =IF(AW50>=8,"Low",IF(AW50>=4,"Moderate",IF(AW50>=0,"Serious","Critical"))) -> Serious | AY50: The primary concern in this domain is the complete lack of statistical variance reporting, such as error bars, which makes it difficult to assess the stability of the reported throughput. However, the explicit use of a warm-up phase to reach a steady state suggests a standard level of care was taken to avoid cold-start bias. | AZ50: 2 | BA50: 2 | BB50: 2 | BC50: 2 | BD50: 2 | BE50: =sum(AZ50:BD50) -> 10 | BF50: =IF(BE50>=8,"Low",IF(BE50>=4,"Moderate",IF(BE50>=0,"Serious","Critical"))) -> Low | BG50: The authors avoided selective reporting by including a broad range of benchmarks that show both the strengths and weaknesses of their design. The inclusion of an open-source link and a detailed performance breakdown further mitigates the risk of results selection bias. | BH50: =SUM(I50,Q50,Y50,AG50,AO50,AW50,BE50) -> 53 | BI50: =IF(BH50>=56,"Low",IF(BH50>=35,"Moderate",IF(BH50>=14,"Serious","Critical"))) -> Moderate | BJ50: FALSE
A51: 49 | B51: LearnedKV: Integrating LSM and Learned Index for Superior Performance on Storage. | C51: 2025 (based on the provided arXiv v2 date of April 11, 2025). | D51: 2 | E51: 2 | F51: 1 | G51: 2 | H51: 2 | I51: =SUM(D51:H51) -> 9 | J51: =IF(I51>=8,"Low",IF(I51>=4,"Moderate",IF(I51>=0,"Serious","Critical"))) -> Low | K51: The researchers established high experimental control by using a standardized testbed and ensuring that all baselines were modified to share the same underlying KV-separation and GC mechanisms. Fairness was further supported by explicit statements regarding hyperparameter optimization and the use of identical memory constraints across competing models. | L51: 1 | M51: 2 | N51: 1 | O51: 2 | P51: 2 | Q51: =SUM(L51:P51) -> 8 | R51: =IF(Q51>=8,"Low",IF(Q51>=4,"Moderate",IF(Q51>=0,"Serious","Critical"))) -> Low | S51: The paper demonstrates a low risk of selection bias by employing a wide variety of both synthetic and real-world datasets that represent diverse data distributions and access patterns. Testing across multiple read/write ratios and storage media indicates a comprehensive attempt to validate the system under different operational scenarios. | T51: 2 | U51: 1 | V51: 2 | W51: 2 | X51: 2 | Y51: =SUM(T51:X51) -> 9 | Z51: =IF(Y51>=8,"Low",IF(Y51>=4,"Moderate",IF(Y51>=0,"Serious","Critical"))) -> Low | AA51: The researchers provide a granular description of the Greedy-PLR+ model and the overall tiered architecture, ensuring that the integration of the Learned Index is transparent. Fairness is prioritized by optimizing baseline models to use the same storage-saving techniques (KV separation) as the proposed system. | AB51: 2 | AC51: 2 | AD51: 1 | AE51: 1 | AF51: 2 | AG51: =SUM(AB51:AF51) -> 8 | AH51: =IF(AG51>=8,"Low",IF(AG51>=4,"Moderate",IF(AG51>=0,"Serious","Critical"))) -> Low | AI51: The experimental execution is highly robust, utilizing a wide range of realistic workload ratios and standardized benchmarks like YCSB and SOSD. The paper maintains high transparency regarding workload parameters, though more detailed testing of crash-recovery performance would further strengthen the durability claims. | AJ51: 2 | AK51: 2 | AL51: 1 | AM51: 2 | AN51: 2 | AO51: =SUM(AJ51:AN51) -> 9 | AP51: =IF(AO51>=8,"Low",IF(AO51>=4,"Moderate",IF(AO51>=0,"Serious","Critical"))) -> Low | AQ51: The paper exhibits high transparency by reporting a wide array of performance dimensions, including clear evidence of trade-offs where specific optimizations (like Bloom filters) negatively impact certain metrics. The inclusion of results for all promised configurations across different storage media further mitigates reporting bias. | AR51: 1 | AS51: 1 | AT51: -1 | AU51: 2 | AV51: 1 | AW51: =sum(AR51:AV51) -> 4 | AX51: =IF(AW51>=8,"Low",IF(AW51>=4,"Moderate",IF(AW51>=0,"Serious","Critical"))) -> Moderate | AY51: While the experimental protocol is rigorous—using distinct phases to reach a steady state and large-scale workloads to ensure reliability—the lack of statistical measures like error bars in the charts introduces some concern regarding the reporting of performance variability. | AZ51: 2 | BA51: 2 | BB51: 2 | BC51: 1 | BD51: 2 | BE51: =sum(AZ51:BD51) -> 9 | BF51: =IF(BE51>=8,"Low",IF(BE51>=4,"Moderate",IF(BE51>=0,"Serious","Critical"))) -> Low | BG51: There is no evidence of cherry-picking; the authors present a balanced view that includes both the strengths of the system (read acceleration) and its secondary effects (write overhead in specific optimizations). The results align perfectly with the goals and methodology stated earlier in the paper. | BH51: =SUM(I51,Q51,Y51,AG51,AO51,AW51,BE51) -> 56 | BI51: =IF(BH51>=56,"Low",IF(BH51>=35,"Moderate",IF(BH51>=14,"Serious","Critical"))) -> Low | BJ51: FALSE
A52: 50 | B52: SwiftKV: A Metadata Indexing Scheme Integrating LSM-Tree and Learned Index for Distributed KV Stores. | C52: 2025 (Published 30 August 2025). | D52: 2 | E52: 2 | F52: 1 | G52: 2 | H52: 1 | I52: =SUM(D52:H52) -> 8 | J52: =IF(I52>=8,"Low",IF(I52>=4,"Moderate",IF(I52>=0,"Serious","Critical"))) -> Low | K52: The study demonstrates strong experimental control by using identical hardware and providing specific version numbers for all baseline software. Although it accounts for indexing isolation by preloading data, more explicit detail on low-level system cache management would further minimize potential confounding bias. | L52: 2 | M52: 2 | N52: 0 | O52: 2 | P52: 2 | Q52: =SUM(L52:P52) -> 8 | R52: =IF(Q52>=8,"Low",IF(Q52>=4,"Moderate",IF(Q52>=0,"Serious","Critical"))) -> Low | S52: The authors employed a broad spectrum of data distributions that simulate various real-world scenarios, from bursty updates to spatial correlations. Their transparency in reporting the limited effectiveness of the index on the FB dataset reinforces the integrity of their selection process. | T52: 2 | U52: 1 | V52: 2 | W52: 2 | X52: 2 | Y52: =SUM(T52:X52) -> 9 | Z52: =IF(Y52>=8,"Low",IF(Y52>=4,"Moderate",IF(Y52>=0,"Serious","Critical"))) -> Low | AA52: The implementation is backed by rigorous algorithmic transparency, including pseudocode and clear structural definitions of the two-level index. While the exact source code repository is not linked, the use of reputable baselines and detailed ablation studies ensures the implementation aligns with the proposed design. | AB52: 2 | AC52: 2 | AD52: 2 | AE52: 1 | AF52: 2 | AG52: =SUM(AB52:AF52) -> 9 | AH52: =IF(AG52>=8,"Low",IF(AG52>=4,"Moderate",IF(AG52>=0,"Serious","Critical"))) -> Low | AI52: The experimental execution is robust, utilizing standardized benchmarks (YCSB) and detailed thread-scaling tests to prove concurrency efficiency. The inclusion of realistic metadata access patterns from Amazon and Wikipedia ensures the workloads are representative of production environments, although more explicit recovery testing would provide a complete performance profile. | AJ52: 2 | AK52: 2 | AL52: 2 | AM52: 2 | AN52: 2 | AO52: =SUM(AJ52:AN52) -> 10 | AP52: =IF(AO52>=8,"Low",IF(AO52>=4,"Moderate",IF(AO52>=0,"Serious","Critical"))) -> Low | AQ52: The reporting is exceptionally transparent, providing a multidimensional view of performance. By documenting and explaining performance trade-offs and "failure" cases like YCSB-E, the authors demonstrate a lack of reporting bias. | AR52: 2 | AS52: 1 | AT52: -1 | AU52: 1 | AV52: 2 | AW52: =sum(AR52:AV52) -> 5 | AX52: =IF(AW52>=8,"Low",IF(AW52>=4,"Moderate",IF(AW52>=0,"Serious","Critical"))) -> Moderate | AY52: The measurement methodology is robust regarding timing mechanisms and the isolation of indexing performance. However, the absence of error bars or variance reporting in the figures represents a minor concern for assessing the stability of the results across runs. | AZ52: 2 | BA52: 2 | BB52: 2 | BC52: 1 | BD52: 2 | BE52: =sum(AZ52:BD52) -> 9 | BF52: =IF(BE52>=8,"Low",IF(BE52>=4,"Moderate",IF(BE52>=0,"Serious","Critical"))) -> Low | BG52: The paper exhibits no evidence of cherry-picking, as it faithfully reports results for all datasets and workloads, including those where the proposed method provides no advantage. The high level of alignment between the methodology and results ensures a low risk of selective reporting bias. | BH52: =SUM(I52,Q52,Y52,AG52,AO52,AW52,BE52) -> 58 | BI52: =IF(BH52>=56,"Low",IF(BH52>=35,"Moderate",IF(BH52>=14,"Serious","Critical"))) -> Low | BJ52: FALSE
A53: 51 | B53: From wisckey to bourbon: A learned index for log-structured merge trees | C53: 2020 | D53: 2 | E53: 2 | F53: 2 | G53: 2 | H53: 2 | I53: =SUM(D53:H53) -> 10 | J53: =IF(I53>=8,"Low",IF(I53>=4,"Moderate",IF(I53>=0,"Serious","Critical"))) -> Low | K53: The researchers established a highly controlled experimental environment, utilizing a reputable high-performance baseline (WiscKey) and clearly defining hardware and dataset parameters. Potential confounding variables like caching and background thread interference were not only acknowledged but systematically integrated into the performance analysis. | L53: 2 | M53: 2 | N53: 0 | O53: 2 | P53: 2 | Q53: =SUM(L53:P53) -> 8 | R53: =IF(Q53>=8,"Low",IF(Q53>=4,"Moderate",IF(Q53>=0,"Serious","Critical"))) -> Low | S53: The study employs a comprehensive suite of workloads that includes standard benchmarks and diverse data distributions. By reporting both the strengths and the limitations of their system—particularly in write-heavy environments—the authors demonstrate a balanced and non-selective presentation of data. | T53: 2 | U53: 2 | V53: 2 | W53: 2 | X53: 2 | Y53: =SUM(T53:X53) -> 10 | Z53: =IF(Y53>=8,"Low",IF(Y53>=4,"Moderate",IF(Y53>=0,"Serious","Critical"))) -> Low | AA53: The implementation is highly transparent, with its reproducibility verified through formal artifact evaluation. The integration of the learned index into a production-quality system rather than a standalone prototype significantly reduces the risk of implementation bias. | AB53: 2 | AC53: 2 | AD53: 1 | AE53: 0 | AF53: 2 | AG53: =SUM(AB53:AF53) -> 7 | AH53: =IF(AG53>=8,"Low",IF(AG53>=4,"Moderate",IF(AG53>=0,"Serious","Critical"))) -> Moderate | AI53: The execution of experiments is highly consistent with the stated methodology, utilizing industry-standard benchmarks like YCSB. The paper provides detailed operation mixes, though it focuses more on the efficiency of the learned index than on concurrent thread scaling or failure recovery. | AJ53: 2 | AK53: 2 | AL53: 2 | AM53: 2 | AN53: 2 | AO53: =SUM(AJ53:AN53) -> 10 | AP53: =IF(AO53>=8,"Low",IF(AO53>=4,"Moderate",IF(AO53>=0,"Serious","Critical"))) -> Low | AQ53: The reporting is comprehensive and transparent, notably including cases where the proposed system fails to outperform the baseline. The authors also clearly delineate the current technical boundaries of their implementation, such as key-type restrictions. | AR53: 1 | AS53: 1 | AT53: -2 | AU53: 1 | AV53: 1 | AW53: =sum(AR53:AV53) -> 2 | AX53: =IF(AW53>=8,"Low",IF(AW53>=4,"Moderate",IF(AW53>=0,"Serious","Critical"))) -> Serious | AY53: While the measurement methodology is rigorous in its breakdown of latency components, the lack of reported statistical variance (error bars) is a notable omission. However, the use of very large operation counts and a built-in cost-benefit analyzer mitigates concerns regarding measurement reliability. | AZ53: 2 | BA53: 2 | BB53: 2 | BC53: 2 | BD53: 2 | BE53: =sum(AZ53:BD53) -> 10 | BF53: =IF(BE53>=8,"Low",IF(BE53>=4,"Moderate",IF(BE53>=0,"Serious","Critical"))) -> Low | BG53: The selection of results appears unbiased, supported by the official USENIX artifact reproduction and the inclusion of data points where the system's benefits are minimal. There is clear alignment between the experimental plan and the final reported data. | BH53: =SUM(I53,Q53,Y53,AG53,AO53,AW53,BE53) -> 57 | BI53: =IF(BH53>=56,"Low",IF(BH53>=35,"Moderate",IF(BH53>=14,"Serious","Critical"))) -> Low | BJ53: FALSE
A54: 52 | B54: High Performance or Low Memory? An Updatable Learned Index Framework for Time-Space Tradeoff,. | C54: 2025,. | D54: 2 | E54: 2 | F54: 1 | G54: 2 | H54: 1 | I54: =SUM(D54:H54) -> 8 | J54: =IF(I54>=8,"Low",IF(I54>=4,"Moderate",IF(I54>=0,"Serious","Critical"))) -> Low | K54: The researchers utilized a standardized benchmarking tool (GRE) and provided clear hardware specifications to maintain experimental control. The inclusion of a wide array of both traditional and learned index baselines, alongside theoretical modeling of cache effects, suggests a high level of fairness in the experimental design. | L54: 1 | M54: 2 | N54: 0 | O54: 1 | P54: 2 | Q54: =SUM(L54:P54) -> 6 | R54: =IF(Q54>=8,"Low",IF(Q54>=4,"Moderate",IF(Q54>=0,"Serious","Critical"))) -> Moderate | S54: The paper demonstrates a comprehensive selection of datasets by including "hard-to-fit" real-world data and specifically testing against adversarial workloads that cause other indexes to fail. The transparency regarding LIFT's trade-offs, such as longer bulk loading times compared to some baselines, further indicates a lack of selection bias. | T54: 2 | U54: 2 | V54: 2 | W54: 2 | X54: 2 | Y54: =SUM(T54:X54) -> 10 | Z54: =IF(Y54>=8,"Low",IF(Y54>=4,"Moderate",IF(Y54>=0,"Serious","Critical"))) -> Low | AA54: The implementation is thoroughly documented through both high-level descriptions and formal algorithms (pseudocode). The availability of the source code on GitHub and the use of a standardized benchmarking suite (GRE) provide strong evidence of transparency and reproducibility in the methodological implementation. | AB54: 2 | AC54: 2 | AD54: 2 | AE54: 0 | AF54: 2 | AG54: =SUM(AB54:AF54) -> 8 | AH54: =IF(AG54>=8,"Low",IF(AG54>=4,"Moderate",IF(AG54>=0,"Serious","Critical"))) -> Low | AI54: The experiments are comprehensive, covering single-threaded and multi-threaded scenarios across multiple real-world datasets with clearly defined operation mixes. The inclusion of adversarial workloads to test structural robustness demonstrates a rigorous approach to evaluating the "dynamic" claims of the index beyond standard uniform distributions. | AJ54: 2 | AK54: 2 | AL54: 2 | AM54: 2 | AN54: 2 | AO54: =SUM(AJ54:AN54) -> 10 | AP54: =IF(AO54>=8,"Low",IF(AO54>=4,"Moderate",IF(AO54>=0,"Serious","Critical"))) -> Low | AQ54: The authors demonstrate high transparency by reporting a wide array of metrics and identifying scenarios where LIFT is outperformed, such as in bulk loading speed. They also provide clear explanations for structural vulnerabilities in competing models and the infrequent need for global reconstructions in their own. | AR54: 1 | AS54: 2 | AT54: -1 | AU54: 0 | AV54: 1 | AW54: =sum(AR54:AV54) -> 3 | AX54: =IF(AW54>=8,"Low",IF(AW54>=4,"Moderate",IF(AW54>=0,"Serious","Critical"))) -> Serious | AY54: The measurement process is standardized via the GRE benchmark and repeated across multiple runs to ensure the stability of the reported averages. However, the assessment is slightly lowered because the reporting lacks statistical indicators of variance (like error bars), and there is no explicit mention of warm-up protocols to handle cold-start variability. | AZ54: 2 | BA54: 2 | BB54: 2 | BC54: 2 | BD54: 2 | BE54: =sum(AZ54:BD54) -> 10 | BF54: =IF(BE54>=8,"Low",IF(BE54>=4,"Moderate",IF(BE54>=0,"Serious","Critical"))) -> Low | BG54: The paper exhibits high transparency by reporting results for all datasets mentioned and providing public access to the source code and supplemental data for reproducibility. The authors do not shy away from reporting unfavorable results, such as LIFT's slower bulk loading times compared to some baselines, which suggests a lack of selective reporting bias. | BH54: =SUM(I54,Q54,Y54,AG54,AO54,AW54,BE54) -> 55 | BI54: =IF(BH54>=56,"Low",IF(BH54>=35,"Moderate",IF(BH54>=14,"Serious","Critical"))) -> Moderate | BJ54: FALSE
A55: 53 | B55: Leaderkv: Improving read performance of kv stores via learned index and decoupled kv table | D55: 2 | E55: 2 | F55: 1 | G55: 2 | H55: 2 | I55: =SUM(D55:H55) -> 9 | J55: =IF(I55>=8,"Low",IF(I55>=4,"Moderate",IF(I55>=0,"Serious","Critical"))) -> Low | K55: The study maintains a high degree of experimental control by using a unified hardware setup and standardized baselines. The transparency regarding the hyperparameter tuning for LeaderKV and the use of default settings for established baselines suggests a fair and rigorous comparison. | L55: 2 | M55: 2 | N55: 1 | O55: 2 | P55: 2 | Q55: =SUM(L55:P55) -> 9 | R55: =IF(Q55>=8,"Low",IF(Q55>=4,"Moderate",IF(Q55>=0,"Serious","Critical"))) -> Low | S55: The researchers used a diverse mix of standardized synthetic and real-world datasets to ensure the system was tested against varying levels of data complexity. While the fixed key size is a noted limitation, the broad application of YCSB workloads and SOSD benchmarks indicates a lack of selective reporting or dataset cherry-picking. | T55: 2 | U55: 1 | V55: 2 | W55: 2 | X55: 2 | Y55: =SUM(T55:X55) -> 9 | Z55: =IF(Y55>=8,"Low",IF(Y55>=4,"Moderate",IF(Y55>=0,"Serious","Critical"))) -> Low | AA55: The researchers provided exceptional clarity regarding the internal logic of the system by including three distinct algorithms for construction and querying. The use of standardized regression techniques (OLS/PLR) and industry-recognized baselines ensures that the implementation is both grounded in established theory and compared against robust competitors. | AB55: 2 | AC55: 2 | AD55: 1 | AE55: 0 | AF55: 2 | AG55: =SUM(AB55:AF55) -> 7 | AH55: =IF(AG55>=8,"Low",IF(AG55>=4,"Moderate",IF(AG55>=0,"Serious","Critical"))) -> Moderate | AI55: LeaderKV demonstrates strong experimental rigor by utilizing the standard YCSB and SOSD benchmarks across six different data distributions. Although explicit crash-consistency testing is not detailed in the excerpts, the inclusion of balanced and write-heavy workloads provides a realistic evaluation of the system’s performance in dynamic environments. | AJ55: 2 | AK55: 2 | AL55: 2 | AM55: 2 | AN55: 2 | AO55: =SUM(AJ55:AN55) -> 10 | AP55: =IF(AO55>=8,"Low",IF(AO55>=4,"Moderate",IF(AO55>=0,"Serious","Critical"))) -> Low | AQ55: LeaderKV's evaluation is highly transparent, featuring a dedicated limitations section and an honest reporting of instances where it does not outperform the baselines. The inclusion of a wide variety of metrics across all promised datasets indicates a very low risk of reporting bias. | AR55: 1 | AS55: 0 | AT55: -1 | AU55: 0 | AV55: 0 | AW55: =sum(AR55:AV55) -> 0 | AX55: =IF(AW55>=8,"Low",IF(AW55>=4,"Moderate",IF(AW55>=0,"Serious","Critical"))) -> Serious | AY55: While the hardware environment is precisely controlled, there is a lack of reported statistical rigor. The absence of error bars, information on repeated runs, or explicit warm-up protocols makes it difficult to assess the stability and variance of the reported performance gains. | AZ55: 2 | BA55: 2 | BB55: 2 | BC55: 0 | BD55: 2 | BE55: =sum(AZ55:BD55) -> 8 | BF55: =IF(BE55>=8,"Low",IF(BE55>=4,"Moderate",IF(BE55>=0,"Serious","Critical"))) -> Low | BG55: The research shows a high level of integrity by adhering strictly to its methodological promises and presenting a balanced view of performance across various workloads. However, the lack of a public code link in the sources prevents this domain from receiving a perfect score for reproducibility. | BH55: =SUM(I55,Q55,Y55,AG55,AO55,AW55,BE55) -> 52 | BI55: =IF(BH55>=56,"Low",IF(BH55>=35,"Moderate",IF(BH55>=14,"Serious","Critical"))) -> Moderate | BJ55: FALSE
